-- phpMyAdmin SQL Dump
-- version 4.0.5
-- http://www.phpmyadmin.net
--
-- Host: 127.12.7.130:3306
-- Generation Time: Nov 14, 2013 at 05:58 AM
-- Server version: 5.1.69
-- PHP Version: 5.3.3

SET SQL_MODE = "NO_AUTO_VALUE_ON_ZERO";
SET time_zone = "+00:00";


/*!40101 SET @OLD_CHARACTER_SET_CLIENT=@@CHARACTER_SET_CLIENT */;
/*!40101 SET @OLD_CHARACTER_SET_RESULTS=@@CHARACTER_SET_RESULTS */;
/*!40101 SET @OLD_COLLATION_CONNECTION=@@COLLATION_CONNECTION */;
/*!40101 SET NAMES utf8 */;

--
-- Database: `webthptdb`
--

-- --------------------------------------------------------

--
-- Table structure for table `albums`
--

CREATE TABLE IF NOT EXISTS `albums` (
  `id` int(10) unsigned NOT NULL AUTO_INCREMENT,
  `name` varchar(255) NOT NULL,
  `deescription` text NOT NULL,
  `created_at` datetime NOT NULL,
  PRIMARY KEY (`id`)
) ENGINE=InnoDB  DEFAULT CHARSET=utf8 AUTO_INCREMENT=8 ;

--
-- Dumping data for table `albums`
--

INSERT INTO `albums` (`id`, `name`, `deescription`, `created_at`) VALUES
(6, 'khai giang', '', '2013-11-08 10:21:30'),
(7, 'Demo use Fanxibox image', '', '2013-11-08 11:55:16');

-- --------------------------------------------------------

--
-- Table structure for table `articles`
--

CREATE TABLE IF NOT EXISTS `articles` (
  `id` int(11) unsigned NOT NULL AUTO_INCREMENT,
  `user_id` int(11) NOT NULL,
  `title` varchar(255) NOT NULL,
  `content` text NOT NULL,
  `created_at` varchar(45) NOT NULL,
  PRIMARY KEY (`id`)
) ENGINE=InnoDB  DEFAULT CHARSET=utf8 AUTO_INCREMENT=10 ;

--
-- Dumping data for table `articles`
--

INSERT INTO `articles` (`id`, `user_id`, `title`, `content`, `created_at`) VALUES
(1, 4, 'test 1', 'content1', '2013-11-06 17:13:09'),
(2, 4, 'test 2', 'test 2', '2013-11-06 17:13:18'),
(3, 7, 'Sự khác biệt giữa đại học và trung cấp', '\r\n<p class="Normal">\r\n	Sau khi đọc bài viết <a href="http://vnexpress.net/tin-tuc/ban-doc-viet/ky-su-phan-mem-tran-tinh-su-khac-biet-giua-thac-si-va-trung-cap-2900793.html">“Kỹ sư phần mềm trần tình sự khác biệt giữa thạc sĩ và trung cấp”</a>, tôi rất đồng tình với suy nghĩ và quan điểm của tác giả Bằng Nguyễn về các ví dụ mà tác giả đưa ra trong bài viết như: Bạn cứ chọn ra 100 anh thạc sĩ và 100 anh học trung cấp xem sau 10 năm tốt nghiệp&nbsp; có bao nhiêu anh đạt kết quả tốt hơn, và bạn sẽ thấy anh học trung cấp đang ở vị trí nào.</p>\r\n<p class="Normal">\r\n	Cũng như bản thân tôi đã tốt nghiệp đại học được 13 năm và tốt nghiệp thạc sĩ được 8 năm. Tôi còn nhớ khi đi học đại học (tôi học chuyên ngành kế toán tài chính) các thầy cô có lấy ví dụ để hạch toán đúng một nghiệp vụ kinh tế phát sinh trong kế toán. Vấn đề này, có thể các bạn học trung cấp làm nhanh hơn các bạn học đại học, nhưng họ sẽ không hiểu tại sao lại hạch toán như thế.</p>\r\n<p class="Normal">\r\n	Bởi vì họ không được học chuyên sâu và khi nghiệp vụ thay đổi họ sẽ không biết làm thế nào. Còn các bạn đã học qua đại học thì khác, họ sẽ giải thích được ngay vấn đề này. Sau khi đi làm, tôi mới thấy điều đấy là đúng.</p>\r\n<p class="Normal">\r\n	Nhân đây, tôi cũng chia sẻ với các bạn một câu chuyện này. Tôi có một người bạn sau khi học xong đại học, bạn ấy nhất quyết không đi làm cho các doanh nghiệp nhà nước mà tự mình kinh doanh. Khi tôi đến nhà bạn ấy chơi thì thấy bộ mẹ bạn ấy có kêu ca là: sau bao nhiêu công sức nuôi bạn ấy ăn học bây giờ lại đi làm công việc của một người không cần học gì.</p>\r\n<p class="Normal">\r\n	Các bạn biết cậu ấy trả lời bố mẹ bạn ý thế nào không? Cậu ấy nói: Nếu một người không có trình độ mà làm công việc đấy chỉ kiếm ra được 10 đồng thì người có trình độ như con sẽ biết sắp xếp và quản lý công việc, có thể kiếm được 50 đồng. Thực tế bạn ấy đã đúng và hiện tại đang làm chủ một công ty.</p>\r\n<p class="Normal">\r\n	Với 2 ví dụ trên cho thấy dù ở bất kì cương vị nào thì người có trình độ sẽ lợi thế hơn rất nhiều.</p>\r\n\r\n', '2013-11-09 01:23:56'),
(8, 7, 'Người Việt không xếp hàng vì đã mất niềm tin vào sự công bằng', '<p class="Normal">\r\n	Người Nhật xếp hàng trong các điểm dịch vụ công cộng là điều cả thế giới nhìn nhận là một nét văn hóa đặc biệt không phải đâu cũng có. Nhất là sau vụ thảm họa kép năm ngoái, toàn thế giới không chỉ được nghe đồn đại, hay đọc đâu đó mà được chứng kiến thực tế và mọi dân tộc khác đều phải ghen tị với việc xếp hàng này.</p>\r\n<p class="Normal">\r\n	Trong cuộc sống hàng ngày, tại các bến xe lửa, trước cửa toa tàu là hai hàng người đứng hai bên cho người trên tàu xuống và lần lượt lên. Nếu không hết, người còn lại kiên nhẫn chờ chuyến tới và họ không chen lấn hay phàn nàn điều gì.</p>\r\n<p class="Normal">\r\n	<strong>So với người Nhật, tại sao chúng ta ít xếp hàng?</strong> Hay nói cách khác, người Việt chúng ta có xếp hàng không? Và có được như người Nhật không?</p>\r\n<p class="Normal">\r\n	Tôi sinh ra khi chiến tranh gần kết thúc và lớn lên trong giai đoạn bao cấp, giao thời mở cửa rồi đến kinh tế thị trường hiện nay. Tôi còn nhớ câu chuyện vui về xếp hàng phát chẩn (cho tiền, gạo những người bị tai nạn) thời xưa: <span style="font-size:11.8pt;">“Số tôi thật không may, hôm trước đi nhận phát chẩn đứng cuối hàng nên khi đến lượt thì hết. Hôm qua đi sớm, họ lại phát từ cuối hàng lên và đến nơi cũng hết. Hôm nay, tôi cố gắng đứng giữa hàng, khổ nổi, họ phát từ hai đầu lại và… cũng hết khi đến lượt tôi”.</span></p>\r\n<p class="Normal">\r\n	Trong thời bao cấp, dù muốn hay không mọi người đều phải xếp hàng, tuy nhiên việc xếp hàng dần dần có tiêu cực trong đó, có sự xí chỗ, có sự bán chỗ đã “xếp gạch” và điển hình hơn những người nhà, thân quen sếp sẽ có được các cách lấy hàng mà không phải xếp hàng.</p>\r\n<p class="Normal">\r\n	Thời gian đó, ở<span style="font-size:11.8pt;">&nbsp;các bến tàu, bến xe, việc có được một vé đi xe khách trước đây rất vất vả, phải xếp hàng từ rất sớm trước khi xe chạy cả ngày. Nhưng người có mối quan hệ, quen biết sếp… sẽ bỗng nhiên chen ngang và lấy hết suất vé, đành quay về chờ chuyến khác và mọi&nbsp;</span><span style="font-size:11.8pt;">người đều phải sống chung với chuyện đó.</span></p>\r\n<p class="Normal">\r\n	Việc này tồn tại đến tận bây giờ. Các loại vé xe, vé tàu, vé thể thao, vé sự kiện nghệ thuật… đều có sự chen ngang. Hay gần đây, chúng ta biết nhiều việc xếp hàng xin cho con đi học từ mẫu giáo, cấp một mà báo chí nhiều lần thông tin. Trong làm ăn kinh tế, nếu xếp hàng chờ đến lượt để có dự án, chắc mọi người sẽ phì cười vì phi thực tế hiện nay.</p>\r\n<p class="Normal">\r\n	Tôi không ví dụ thêm nữa, chắc các bạn cũng hiểu trước nay, xưa kia và hiện tại thì người Việt Nam đều xếp hàng, chen ngang và mất chỗ diễn ra khắp nơi, mọi lĩnh vực, mọi hình thái, trong cả giáo dục, nghiên cứu khoa học đến nông dân bán hàng hóa…&nbsp;&nbsp;&nbsp;&nbsp;&nbsp;&nbsp;&nbsp;</p>\r\n<table align="center" border="0" cellpadding="3" cellspacing="0" class="tplCaption" style="color:rgb(0,0,0);font-family:''Times New Roman'';background-color:rgb(244,245,246);" width="1"><tbody><tr><td style="vertical-align: middle;">\r\n				<img alt="1-85-7602-1382928617.jpg" data-natural-width="500" height="332" src="http://m.f29.img.vnecdn.net/2013/10/28/1-85-7602-1382928617.jpg" width="500"></td>\r\n		</tr><tr><td style="vertical-align: middle;">\r\n				<p class="Image" style="font-size:12px;color:rgb(102,102,102);padding-top:5px;padding-bottom:5px;">\r\n					Hàng nghìn người chen lấn, xô đẩy để giành ăn sushi miễn phí tại Hà Nội. Ảnh:&nbsp;<em>Jenny</em></p>\r\n			</td>\r\n		</tr></tbody></table><p class="Normal">\r\n	<strong>Vậy nó nói lên điều gì? Đó là lòng tin của việc xếp hàng.</strong> Tôi dẫn chứng không đi quá xa về quá khứ, nhưng có thể nói: trong mỗi con người Việt Nam, lòng tin đạt được từ xếp hàng quá thấp, không ít thì nhiều, nhiều người có kinh nghiệm trả giá từ xếp hàng, bị chen ngang. Chính điều này khiến họ phải chủ động tranh chỗ, chen lấn nhau trong xếp hàng?</p>\r\n<p class="Normal">\r\n	Trong cơ quan, thay vì xếp hàng chờ đến lượt, nhiều người đã chủ động “chạy” trước để xen ngang, tác động quan hệ để đạt được cái mình mong muốn, từ tâm lý này, tạo niềm tin vào xếp hàng đi xuống.</p>\r\n<p class="Normal">\r\n	Với người Nhật, họ tin tưởng, biết chắc chuyến tàu tiếp theo sẽ đến và họ sẽ lên được tàu. Tin tưởng chắc chắn phần họ mong đợi trong xếp hàng sẽ đến và họ yên tâm xếp hàng, mọi người đều đồng thuận trong văn hóa này.</p>\r\n<p class="Normal">\r\n	Người Việt Nam khi ra nước ngoài, hầu hết cũng xếp hàng và theo trật tự của nước sở tại, nghĩa là họ cũng tin cậy và kiên nhẫn với hàng mình đợi. Người nước ngoài đến Việt Nam, cũng có nhiều người lái xe máy phóng vèo vèo, vượt đèn đỏ, xếp hàng cũng chen lấn, tại họ ư? Chắc chắn khó mà lý giải được!&nbsp;&nbsp;&nbsp;&nbsp;&nbsp;&nbsp;&nbsp;</p>\r\n<p class="Normal">\r\n	Như vậy, không phải ý thức của người dân Việt Nam chúng ta kém, không phải chúng ta không muốn xếp hàng, hay người Việt Nam chúng ta không kiên nhẫn. Chúng ta có thể thấy từ các hệ quả của xen ngang trong hàng đợi trong cuộc sống, từ các nhà quản lý “con ông cháu cha”… đã dẫn đến mất lòng tin để phải xếp hàng.</p>\r\n<p class="Normal">\r\n	Bạn sẽ làm gì khi xếp hàng mà không tin là mình sẽ nhận được kết quả? Chen lấn, xô đẩy, đút lót, chạy chọt… làm sao cho mình đến được đích trước người khác. Và thế là chúng ta không xếp hàng được như người Nhật?</p>', '2013-11-09 08:11:30'),
(9, 7, 'Cách đơn giản ép buộc người Việt phải xếp hàng', 'Về ‘"văn hóa xếp hàng" của người Việt, trước khi nêu rõ quan điểm, tôi kể câu chuyện này: Trước đây tôi có công tác tại một trường Đại học công lập ở Hà Nội, nơi tôi làm việc ở tại tầng 8 của tòa nhà. Trước đây nhà trường có trang bị một thang máy, giáo viên và sinh viên dùng chung.\r\n\r\nCứ mỗi giờ lên lớp, thang máy thường rất đông vì lớp tan học phía trên đi xuống, lớp sắp vào học phía dưới đi lên. Sẽ chẳng có gì đáng nói nếu các bạn sinh viên đứng đều sang hai bên, chờ cho người bên trong ra hết, rồi mình vào. Đằng này các bạn cứ đứng dàn hàng ngang chen chúc nhau trước cửa thang máy như bức ảnh chen nhau nhận sushi miễn phí vậy.\r\n\r\nMỗi lần tôi đi từ trên xuống mà gặp cảnh này, tôi lại phải mắng các em sinh viên. Tôi mắng hoài, mắng mãi, dần dần các em cũng hiểu. Mỗi lần thang máy xuống mà có tôi, các em thường đứng gọn sang hai bên để người bên trong ra trước (không hiểu nếu không có tôi thì có như vậy không?).\r\n\r\nMỗi một năm học mới, tôi phải lặp lại điệp khúc cũ với khóa sinh viên mới vào. Bên cạnh đó, còn một câu chuyện nhỏ nữa về sự nhường nhịn khi xếp hàng thang máy. Tôi đã chứng kiến rất nhiều giảng viên, thay vì xếp hàng chờ thang máy làm gương cho các em, thì có người lại yêu cầu các em tránh ra để mình lên trước.\r\n\r\nKhi tôi góp ý, họ nói rằng vì muốn lên lớp đúng giờ nên phải như vậy, nếu chờ thì có khi muộn mất. Như vậy, tôi hỏi các bạn lí do đó có chính đáng để ngụy biện cho hành động sai của mình không? Mà lí do này, thực tế cũng chẳng chính đáng gì, vì chỉ cần từ nhà đi sớm 5-10 phút là có thể không sợ vào muộn nữa rồi.', '2013-11-11 04:42:04');

-- --------------------------------------------------------

--
-- Table structure for table `categories`
--

CREATE TABLE IF NOT EXISTS `categories` (
  `id` int(11) NOT NULL AUTO_INCREMENT,
  `parent_id` int(11) DEFAULT '0',
  `name` varchar(255) CHARACTER SET utf8 NOT NULL,
  `alias` varchar(255) CHARACTER SET utf8 NOT NULL,
  `is_active` tinyint(1) NOT NULL DEFAULT '1',
  `ordering` int(11) DEFAULT NULL,
  `created` datetime DEFAULT NULL,
  `modified` datetime DEFAULT NULL,
  `is_tab` tinyint(4) DEFAULT NULL,
  `is_right` tinyint(4) DEFAULT NULL,
  PRIMARY KEY (`id`)
) ENGINE=MyISAM  DEFAULT CHARSET=latin1 AUTO_INCREMENT=27 ;

--
-- Dumping data for table `categories`
--

INSERT INTO `categories` (`id`, `parent_id`, `name`, `alias`, `is_active`, `ordering`, `created`, `modified`, `is_tab`, `is_right`) VALUES
(1, NULL, 'Giới thiệu', 'gioi-thieu', 1, NULL, '2013-11-07 10:19:11', '2013-11-07 10:38:32', 0, 0),
(2, NULL, 'Tin tức', 'tin-tuc', 1, NULL, '2013-11-07 10:19:22', '2013-11-07 10:19:22', 0, 0),
(4, NULL, 'Tuyển sinh', 'tuyen-sinh', 1, NULL, '2013-11-07 10:19:47', '2013-11-07 10:19:47', 0, 0),
(5, NULL, 'Tổ chức đoàn thể', 'to-chuc-doan-the', 1, NULL, '2013-11-07 10:20:00', '2013-11-07 10:20:00', 0, 0),
(8, 1, 'Lịch sử phát triển', 'lich-su-phat-trien', 1, NULL, '2013-11-07 10:43:20', '2013-11-07 16:43:40', 0, 0),
(9, 1, 'Sứ mệnh tầm nhìn', 'su-menh-tam-nhin', 1, NULL, '2013-11-07 10:43:59', '2013-11-07 10:43:59', 0, 0),
(10, 1, 'Cơ cấu tổ chức', 'co-cau-to-chuc', 1, NULL, '2013-11-07 10:44:10', '2013-11-07 10:44:10', 0, 0),
(11, 1, 'Cơ sở vật chất', 'co-so-vat-chat', 1, NULL, '2013-11-07 10:44:23', '2013-11-07 10:44:23', 0, 0),
(12, 2, 'Bảng tin trường', 'bang-tin-truong', 1, NULL, '2013-11-07 10:45:00', '2013-11-07 10:45:00', 0, 0),
(13, 2, 'Đoàn thanh niên', 'doan-thanh-nien', 1, NULL, '2013-11-07 10:45:17', '2013-11-07 10:45:17', 0, 0),
(16, 4, 'Tuyển sinh khối 10', 'tuyen-sinh-khoi-10', 1, NULL, '2013-11-07 10:47:32', '2013-11-07 10:47:32', 0, 0),
(17, 4, 'Tuyển sinh đại học', 'tuyen-sinh-dai-hoc', 1, NULL, '2013-11-07 10:47:42', '2013-11-07 10:47:42', 0, 0),
(18, 5, 'Hội khuyến học', 'hoi-khuyen-hoc', 1, NULL, '2013-11-07 10:48:20', '2013-11-07 10:48:20', 0, 0),
(19, 5, 'Hội phụ huynh', 'hoi-phu-huynh', 1, NULL, '2013-11-07 10:49:12', '2013-11-07 10:49:12', 0, 0),
(20, 2, 'Bản tin Internet', 'ban-tin-internet', 1, NULL, '2013-11-07 23:33:09', '2013-11-07 23:33:09', 0, 0),
(21, 2, 'Hoạt động - sự kiên', 'hoat-dong-su-kien', 1, NULL, '2013-11-07 23:33:44', '2013-11-07 23:33:44', 1, 0),
(22, 2, 'Tin tức chung', 'tin-tuc-chung', 1, NULL, '2013-11-07 23:34:05', '2013-11-07 23:34:05', 1, 0),
(23, 2, 'Gương mặt tiêu biểu', 'guong-mat-tieu-bieu', 1, NULL, '2013-11-07 23:34:21', '2013-11-07 23:34:21', 1, 0),
(24, 2, 'Tin học sinh', 'tin-hoc-sinh', 1, NULL, '2013-11-07 23:34:34', '2013-11-07 23:34:34', 0, 1),
(25, 2, 'Tin giáo viên', 'tin-giao-vien', 1, NULL, '2013-11-07 23:34:44', '2013-11-07 23:34:44', 0, 1),
(26, 5, 'Cựu học sinh', 'cuu-hoc-sinh', 1, NULL, '2013-11-13 21:31:12', '2013-11-13 21:31:12', NULL, NULL);

-- --------------------------------------------------------

--
-- Table structure for table `login_tokens`
--

CREATE TABLE IF NOT EXISTS `login_tokens` (
  `id` int(11) NOT NULL AUTO_INCREMENT,
  `user_id` int(11) NOT NULL,
  `token` char(32) NOT NULL,
  `duration` varchar(32) NOT NULL,
  `used` tinyint(1) NOT NULL DEFAULT '0',
  `created` datetime NOT NULL,
  `expires` datetime NOT NULL,
  PRIMARY KEY (`id`)
) ENGINE=MyISAM  DEFAULT CHARSET=utf8 AUTO_INCREMENT=19 ;

--
-- Dumping data for table `login_tokens`
--

INSERT INTO `login_tokens` (`id`, `user_id`, `token`, `duration`, `used`, `created`, `expires`) VALUES
(18, 1, 'a480c3b0d250d678d093c5650880a327', '2 weeks', 0, '2013-11-07 07:59:36', '2013-11-21 07:59:36'),
(17, 1, '327a70a1838da2b9024e21976fabae00', '2 weeks', 0, '2013-11-07 07:33:04', '2013-11-21 07:33:04'),
(16, 1, 'd28b1b30e27a7f26b1921e09fb02372d', '2 weeks', 0, '2013-11-07 01:31:39', '2013-11-21 01:31:39'),
(15, 1, 'b06a87d921d3bc509ad20e2fed01587b', '2 weeks', 1, '2013-11-06 18:30:37', '2013-11-20 18:30:37');

-- --------------------------------------------------------

--
-- Table structure for table `photos`
--

CREATE TABLE IF NOT EXISTS `photos` (
  `id` int(10) unsigned NOT NULL AUTO_INCREMENT,
  `album_id` int(11) NOT NULL,
  `url` text NOT NULL,
  PRIMARY KEY (`id`)
) ENGINE=InnoDB  DEFAULT CHARSET=utf8 AUTO_INCREMENT=34 ;

--
-- Dumping data for table `photos`
--

INSERT INTO `photos` (`id`, `album_id`, `url`) VALUES
(21, 5, 'khaigiang.jpg'),
(22, 5, 'khaigiang2.jpg'),
(27, 5, 'khaigiang4.jpg'),
(28, 5, 'khaigiang3.jpg'),
(29, 6, 'slide5.jpg'),
(30, 6, 'slide6.jpg'),
(32, 7, '1_s.jpg'),
(33, 7, '2_b.jpg');

-- --------------------------------------------------------

--
-- Table structure for table `posts`
--

CREATE TABLE IF NOT EXISTS `posts` (
  `id` int(11) NOT NULL AUTO_INCREMENT,
  `user_id` int(11) NOT NULL,
  `category_id` int(11) NOT NULL,
  `title` varchar(255) CHARACTER SET utf8 NOT NULL,
  `alias` varchar(255) CHARACTER SET utf8 NOT NULL,
  `is_active` int(1) NOT NULL DEFAULT '1',
  `ordering` int(11) NOT NULL,
  `thumbnail` varchar(255) CHARACTER SET utf8 NOT NULL,
  `sumary` text CHARACTER SET utf8 NOT NULL,
  `content` text CHARACTER SET utf8 NOT NULL,
  `created` date NOT NULL,
  `modified` date NOT NULL,
  `view_count` int(11) NOT NULL DEFAULT '0' COMMENT 'Đếm số lần hiển thị bài viết',
  PRIMARY KEY (`id`)
) ENGINE=MyISAM  DEFAULT CHARSET=latin1 AUTO_INCREMENT=14 ;

--
-- Dumping data for table `posts`
--

INSERT INTO `posts` (`id`, `user_id`, `category_id`, `title`, `alias`, `is_active`, `ordering`, `thumbnail`, `sumary`, `content`, `created`, `modified`, `view_count`) VALUES
(1, 0, 2, 'Test 1', 'test-1', 1, 0, '/img/images/Desert.jpg', 'Tóm tắt bài viết', '<p>\r\n	Nội dung b&agrave;i viết ở đ&acirc;y</p>\r\n', '2013-11-05', '2013-11-05', 0),
(2, 0, 12, 'Chung kết giải thưởng Holcim Prize năm 2013', 'chung-ket-giai-thuong-holcim-prize-nam-2013', 1, 0, '/img/images/holcim2013_1.jpg', 'Trong 2 ngày 25 và 26 tháng 10 năm 2013, tại Trường Đại học Khoa học Xã hội và nhân văn Tp.HCM đã diễn ra Vòng chung kết Giải thưởng Holcim Prize năm 2013. Vòng Chung kết gồm có 07 đề tài xuất sắc nhất đại diện cho 7 trường Đại học của cả nước: Trường ĐH KHXH và NV Tp.HCM, Trường ĐH Kiến trúc Tp.HCM, trường ĐH SPKT Tp.HCM, trường ĐHBK Tp.HCM, Trường ĐH Cần Thơ, Trường ĐHBK - ĐHĐN và Trường ĐH Kiến trúc Hà Nội', '<p>\r\n	<span style="color: rgb(51, 51, 51); font-family: Arial, sans-serif; font-size: 13px; line-height: 19px; text-align: justify;">Trong 2 ng&agrave;y 25 v&agrave; 26 th&aacute;ng 10 năm 2013, tại Trường Đại học Khoa học X&atilde; hội v&agrave; nh&acirc;n văn Tp.HCM đ&atilde; diễn ra V&ograve;ng chung kết Giải thưởng Holcim Prize năm 2013. V&ograve;ng Chung kết gồm c&oacute; 07 đề t&agrave;i xuất sắc nhất đại diện cho 7 trường Đại học của cả nước: Trường ĐH KHXH v&agrave; NV Tp.HCM, Trường ĐH Kiến tr&uacute;c Tp.HCM, trường ĐH SPKT Tp.HCM, trường ĐHBK Tp.HCM, Trường ĐH Cần Thơ, Trường ĐHBK - ĐHĐN v&agrave; Trường ĐH Kiến tr&uacute;c H&agrave; Nội. Đ&acirc;y l&agrave; những đề t&agrave;i xuất sắc nhất được lựa chọn từ hằng trăm đề t&agrave;i v&agrave; trải qua 3 v&ograve;ng lựa chọn.</span></p>\r\n<p style="text-align: center;">\r\n	<span style="color: rgb(51, 51, 51); font-family: Arial, sans-serif; font-size: 13px; line-height: 19px; text-align: justify;"><img alt="" src="/app/webroot/img/images/holcim2013_1.jpg" style="width: 600px; height: 400px;" /></span></p>\r\n<p>\r\n	<span style="color: rgb(51, 51, 51); font-family: Arial, sans-serif; font-size: 13px; line-height: 19px; text-align: justify;">Năm nay, đại diện cho trường Đại học B&aacute;ch khoa, Đại học Đ&agrave; Nẵng tham dự V&ograve;ng chung kết l&agrave; nh&oacute;m sinh vi&ecirc;n 09NL gồm c&aacute;c bạn: Đo&agrave;n Nguyễn V&acirc;n Hiếu, Trương Thế Minh v&agrave; Tạ Bảo Long với đề t&agrave;i&nbsp;</span><strong style="color: rgb(51, 51, 51); font-family: Arial, sans-serif; font-size: 13px; line-height: 19px; text-align: justify;">&ldquo;Sản xuất Panel l&agrave;m trần c&aacute;ch nhiệt từ c&aacute;c phế phẩm n&ocirc;ng nghiệp&rdquo;</strong><span style="color: rgb(51, 51, 51); font-family: Arial, sans-serif; font-size: 13px; line-height: 19px; text-align: justify;">&nbsp;v&agrave; đ&atilde; xuất sắc nhận được Giải thưởng&nbsp;</span><strong style="color: rgb(51, 51, 51); font-family: Arial, sans-serif; font-size: 13px; line-height: 19px; text-align: justify;">&ldquo;Bảo vệ m&ocirc;i trường&rdquo;</strong><span style="color: rgb(51, 51, 51); font-family: Arial, sans-serif; font-size: 13px; line-height: 19px; text-align: justify;">.</span></p>\r\n<p style="text-align: center;">\r\n	<span style="color: rgb(51, 51, 51); font-family: Arial, sans-serif; font-size: 13px; line-height: 19px; text-align: justify;"><img alt="" src="/app/webroot/img/images/holcim2013_2.jpg" style="width: 600px; height: 400px;" /></span></p>\r\n<p>\r\n	<span style="color: rgb(51, 51, 51); font-family: Arial, sans-serif; font-size: 13px; line-height: 19px; text-align: justify;">Đ&acirc;y l&agrave; lần thứ 2 trường ĐHBK - ĐHĐN tham dự Giải thưởng n&agrave;y, năm 2012 trường ta đoạt Giải khuyến kh&iacute;ch. C&oacute; thể n&oacute;i Giải thưởng Holcim l&agrave; một Giải thưởng NCKH d&agrave;nh cho sinh vi&ecirc;n rất hấp dẫn, c&oacute; gi&aacute; trị lớn v&agrave; đ&atilde; c&oacute; t&aacute;c động t&iacute;ch cực đến phong tr&agrave;o NCKH của sinh vi&ecirc;n. Giải thưởng năm 2014 sẽ được ph&aacute;t động v&agrave;o cuối th&aacute;ng 10 năm 2013 v&agrave; kết th&uacute;c v&agrave;o dịp n&agrave;y năm sau. Nh&agrave; trường mong muốn sẽ c&oacute; nhiều bạn sinh vi&ecirc;n đăng k&yacute; tham gia giải thưởng n&agrave;y, mang đến cuộc thi nhiều đề t&agrave;i hấp dẫn v&agrave; đoạt Giải thưởng lớn.</span></p>\r\n<p style="text-align: center;">\r\n	<span style="color: rgb(51, 51, 51); font-family: Arial, sans-serif; font-size: 13px; line-height: 19px; text-align: justify;"><img alt="" src="/app/webroot/img/images/holcim2013_3.jpg" style="width: 600px; height: 400px;" /></span></p>\r\n', '2013-11-07', '2013-11-07', 0),
(3, 0, 8, 'VÀI NÉT VỀ TIỂU SỬ CỤ TIỂU LA – NGUYỄN THÀNH                 (1863 -1911)', 'vai-net-ve-tieu-su-cu-tieu-la-nguyen-thanh-1863-1911', 1, 0, '/img/images/Tieu%20La.JPG', 'Chí sĩ Nguyễn Thành hay còn gọi là Nguyễn Hàm, dân quanh vùng quen gọi Ấn Hàm, tự là Triết Phu, hiệu là Tiểu La. Quê ở làng Thạnh Mỹ, huyện Lễ Dương, phủ Thăng Bình, tỉnh Quảng Nam. (Nay là thôn Quý Thạnh, xã Bình Quý, huyện Thăng Bình, tỉnh Quảng Nam)\r\n            Ông xuất thân trong một gia đình quan lại Triều Nguyễn, con trai Bố chánh Kinh lược sứ Nguyễn Trường, dưới triều vua Tự Đức, sau được bổ chức Kinh lược nha sơn phòng sứ tỉnh Bình Định.', '<p align="center" style="font-family: Tahoma, Arial, Helvetica; font-size: 11px; margin: 0in 0in 0pt; text-indent: 0.5in;">\r\n	<strong><span style="font-size: 11pt;"><font size="2">V&Agrave;I N&Eacute;T VỀ TIỂU SỬ&nbsp;</font></span></strong><strong><span style="font-size: 11pt;"><font size="2">CỤ TIỂU LA &ndash; NGUYỄN TH&Agrave;NH</font></span></strong></p>\r\n<div align="center" style="font-family: Tahoma, Arial, Helvetica; font-size: 11px; margin: 0in 0in 0pt;">\r\n	<strong><span style="font-size: 11pt;">&nbsp;&nbsp;&nbsp;&nbsp;&nbsp;&nbsp;&nbsp;&nbsp;&nbsp;&nbsp;&nbsp;&nbsp;&nbsp;&nbsp;&nbsp;&nbsp;(1863 -1911)</span></strong></div>\r\n<div style="font-family: Tahoma, Arial, Helvetica; font-size: 11px;">\r\n	<table align="left" cellpadding="0" cellspacing="0" hspace="0" vspace="0">\r\n		<tbody>\r\n			<tr>\r\n				<td align="left" style="border: rgb(236, 233, 216); padding: 0in; background-color: transparent;" valign="top">\r\n					<div style="margin: 0in 0in 0pt; vertical-align: baseline; line-height: 37.9pt;">\r\n						<span style="font-size: 49pt;">C</span></div>\r\n				</td>\r\n			</tr>\r\n		</tbody>\r\n	</table>\r\n</div>\r\n<div style="font-family: Tahoma, Arial, Helvetica; font-size: 11px; margin: 0in 0in 0pt;">\r\n	&nbsp;</div>\r\n<div align="justify" style="font-family: Tahoma, Arial, Helvetica; font-size: 11px; margin: 0in 0in 0pt;">\r\n	<span style="font-size: 11pt;">h&iacute; sĩ Nguyễn Th&agrave;nh hay c&ograve;n gọi l&agrave; Nguyễn H&agrave;m, d&acirc;n quanh v&ugrave;ng quen gọi Ấn H&agrave;m, tự l&agrave; Triết Phu, hiệu l&agrave; Tiểu La. Qu&ecirc; ở l&agrave;ng Thạnh Mỹ, huyện Lễ Dương, phủ Thăng B&igrave;nh, tỉnh Quảng Nam. (Nay l&agrave; th&ocirc;n Qu&yacute; Thạnh, x&atilde; B&igrave;nh Qu&yacute;, huyện Thăng B&igrave;nh, tỉnh Quảng Nam)</span></div>\r\n<div align="justify" style="font-family: Tahoma, Arial, Helvetica; font-size: 11px; margin: 0in 0in 0pt;">\r\n	<span style="font-size: 11pt;">&nbsp;&nbsp;&nbsp;&nbsp;&nbsp;&nbsp;&nbsp;&nbsp;&nbsp;&nbsp;&nbsp; &Ocirc;ng xuất th&acirc;n trong một gia đ&igrave;nh quan lại Triều Nguyễn, con trai Bố ch&aacute;nh Kinh lược sứ Nguyễn Trường, dưới triều vua Tự Đức, sau được bổ chức Kinh lược nha sơn ph&ograve;ng sứ tỉnh B&igrave;nh Định.</span></div>\r\n<div style="font-family: Tahoma, Arial, Helvetica; font-size: 11px; margin: 0in 0in 0pt; text-align: center;">\r\n	<span style="font-size: 11pt;"><img alt="" src="/app/webroot/img/images/Tieu%20La.JPG" style="width: 500px; height: 667px;" /></span></div>\r\n<p align="justify" style="font-family: Tahoma, Arial, Helvetica; font-size: 11px; margin: 0in 0in 0pt;">\r\n	<span style="font-size: 11pt;">&nbsp;&nbsp;&nbsp;&nbsp;&nbsp;&nbsp;&nbsp;&nbsp;&nbsp;&nbsp;&nbsp; Thuở nhỏ, Nguyễn Th&agrave;nh nổi tiếng th&ocirc;ng minh, hiếu học. Trong t&aacute;c phẩm &ldquo;Người chủ mưu phong tr&agrave;o du học Nhật Bản&rdquo; Phan Bội Ch&acirc;u viết: &ldquo;Ti&ecirc;n sinh Nguyễn Th&agrave;nh l&uacute;c nhỏ rất th&ocirc;ng minh, đỉnh ngộ, lớn l&ecirc;n c&oacute; t&iacute;nh khẳng kh&aacute;i kh&aacute;c thường, đầu ti&ecirc;n học chữ H&aacute;n nghe hiểu nhớ nhiều, hơn cả bạn b&egrave;&rdquo;. &Ocirc;ng theo cha học văn lẫn v&otilde; ở B&igrave;nh Định. Đến năm 1885 về kinh dự thi Hương. Năm ấy, vụ biến kinh th&agrave;nh Huế nổ ra, kinh th&agrave;nh thất thủ. Từ đ&oacute; &Ocirc;ng g&aacute;c b&uacute;t nghi&ecirc;n, cống hiến cả đời m&igrave;nh cho sự nghiệp cứu nước, giải ph&oacute;ng d&acirc;n tộc.</span></p>\r\n<div align="justify" style="font-family: Tahoma, Arial, Helvetica; font-size: 11px; margin: 0in 0in 0pt;">\r\n	<span style="font-size: 11pt;">&nbsp;&nbsp;&nbsp;&nbsp;&nbsp;&nbsp;&nbsp;&nbsp;&nbsp;&nbsp;&nbsp; Hưởng ứng hịch Cần Vương (9/1885) do Phụ ch&iacute;nh đại thần T&ocirc;n Thất Thuyết ph&ograve; gi&aacute; vua H&agrave;m Nghi chạy ra T&acirc;n Sở - Quảng Trị, xuống chiếu k&ecirc;u gọi nh&acirc;n d&acirc;n &ldquo;Cần Vương kh&aacute;ng Ph&aacute;p&rdquo;. Tại qu&ecirc; nh&agrave; Quảng Nam, Nghĩa hội Quảng Nam ra đời. Cuộc họp đầu ti&ecirc;n được tổ chức tại th&ocirc;n Ph&ograve; Nam, x&atilde; Ho&agrave; Li&ecirc;n, huyện Ho&agrave; Vang, tiến sĩ Trần Văn Dư được đại hội bầu l&agrave;m thủ lĩnh Nghĩa Hội, ph&oacute; bảng Nguyễn Duy Hiệu l&agrave;m ph&oacute; su&yacute; (so&aacute;i), cử nh&acirc;n Phan B&aacute; Phiến &ndash; nguy&ecirc;n Tri huyện Ph&ugrave; C&aacute;t l&agrave;m tham mưu Nghĩa Hội. Với l&ograve;ng dạt d&agrave;o t&igrave;nh y&ecirc;u qu&ecirc; hương, y&ecirc;u đất nước, Nguyễn Th&agrave;nh liền dấn th&acirc;n v&agrave;o con đường cứu nước v&agrave; tham gia dưới ngọn cờ Nghĩa Hội.</span></div>\r\n<div align="justify" style="font-family: Tahoma, Arial, Helvetica; font-size: 11px; margin: 0in 0in 0pt;">\r\n	<span style="font-size: 11pt;">&nbsp;&nbsp;&nbsp;&nbsp;&nbsp;&nbsp;&nbsp;&nbsp;&nbsp;&nbsp;&nbsp; Do uy t&iacute;n v&agrave; t&agrave;i năng, cụ Nguyễn Th&agrave;nh được Nghĩa Hội uỷ th&aacute;c trao chức T&aacute;n tướng qu&acirc;n vụ ki&ecirc;m Tham biện tỉnh vụ Quảng Nam, địa b&agrave;n hoạt động từ Thăng B&igrave;nh đến Quảng Ng&atilde;i. Chỉ trong mấy năm, Nghĩa qu&acirc;n dưới quyền chỉ huy của cụ đ&atilde; lập được nhiều căn cứ với nhiều chiến c&ocirc;ng ở s&ocirc;ng Vu Gia, Thu Bồn, Đ&agrave; Nẵng&hellip;g&acirc;y nhiều tiếng vang, khiến cho thực d&acirc;n ph&aacute;p phải k&iacute;nh nể.</span></div>\r\n<div align="justify" style="font-family: Tahoma, Arial, Helvetica; font-size: 11px; margin: 0in 0in 0pt;">\r\n	<span style="font-size: 11pt;">&nbsp;&nbsp;&nbsp;&nbsp;&nbsp;&nbsp;&nbsp;&nbsp;&nbsp;&nbsp;&nbsp; Năm 1887, Nghĩa qu&acirc;n của Mai Xu&acirc;n Thưởng bị bao v&acirc;y r&aacute;o riết ở chiến trường Ng&atilde;i - Định. Nguyễn Th&agrave;nh đ&atilde; đưa qu&acirc;n v&agrave;o tiếp ứng, qu&acirc;n của &ocirc;ng đ&atilde; gi&uacute;p Nghĩa qu&acirc;n của Mai Xu&acirc;n Thưởng tho&aacute;t v&ograve;ng v&acirc;y của địch v&agrave; củng cố Nghĩa Hội ở hai tỉnh Quảng Ng&atilde;i, B&igrave;nh Định.</span></div>\r\n<div align="justify" style="font-family: Tahoma, Arial, Helvetica; font-size: 11px; margin: 0in 0in 0pt;">\r\n	<span style="font-size: 11pt;">&nbsp;&nbsp;&nbsp;&nbsp;&nbsp;&nbsp;&nbsp;&nbsp;&nbsp;&nbsp;&nbsp; Thế nhưng, v&igrave; qu&acirc;n &iacute;t thế c&ocirc;, vũ kh&iacute; th&ocirc; sơ lại kh&ocirc;ng qua trường lớp huấn luyện cơ bản, phải đối ph&oacute; trước qu&acirc;n đội tinh nhuệ h&ugrave;ng mạnh với vũ kh&iacute; hiện đại n&ecirc;n Phong tr&agrave;o Cần Vương ở Nam - Ng&atilde;i - Định bước v&agrave;o thời kỳ tan r&atilde;. Nguyễn Th&agrave;nh đưa qu&acirc;n về ứng cứu cho Nghĩa Hội Quảng Nam. Tr&ecirc;n đường r&uacute;t qu&acirc;n, &ocirc;ng bị giặc chặn đ&aacute;nh v&agrave; bắt tại Cầu Ch&aacute;y, B&igrave;nh Sơn - Quảng Ng&atilde;i.</span></div>\r\n<div align="justify" style="font-family: Tahoma, Arial, Helvetica; font-size: 11px; margin: 0in 0in 0pt;">\r\n	<span style="font-size: 11pt;">&nbsp;&nbsp;&nbsp;&nbsp;&nbsp;&nbsp;&nbsp;&nbsp;&nbsp;&nbsp;&nbsp; Tại nh&agrave; giam Quảng Ng&atilde;i, Nguyễn Th&agrave;nh khước từ mọi &acirc;m mưu mua chuộc, h&ograve;ng l&ocirc;i k&eacute;o &Ocirc;ng cộng t&aacute;c với Ph&aacute;p do Nguyễn Th&acirc;n thực hiện. Cuối c&ugrave;ng, nhằm l&agrave;m xoa dịu v&agrave; để thuyết phục con em giới sĩ phu lớp trước, kẻ th&ugrave; buộc phải đưa &ocirc;ng về quản th&uacute;c tại qu&ecirc; nh&agrave;.</span></div>\r\n<div align="justify" style="font-family: Tahoma, Arial, Helvetica; font-size: 11px; margin: 0in 0in 0pt;">\r\n	<span style="font-size: 11pt;">&nbsp;&nbsp;&nbsp;&nbsp;&nbsp;&nbsp;&nbsp;&nbsp;&nbsp;&nbsp;&nbsp; Từ đ&acirc;y Nguyễn Th&agrave;nh bắt đầu thời kỳ 15 năm&nbsp;<strong><em>mai danh ẩn t&iacute;ch</em></strong>, nhưng sục s&ocirc;i l&ograve;ng y&ecirc;u nước. Tại qu&ecirc; nh&agrave; &Ocirc;ng lập &ldquo;Sơn trang trại Nam Thịnh&rdquo;, bề ngo&agrave;i l&agrave; một tổ chức sản xuất với th&uacute; điền vi&ecirc;n, b&ecirc;n trong &Ocirc;ng b&iacute; mật li&ecirc;n kết với sĩ phu văn th&acirc;n y&ecirc;u nước như: T&aacute;n Hai L&ecirc; Vĩnh Huy, T&aacute;n Tương Đỗ Đăng Tuyển, T&aacute;n Nh&igrave; (&Ocirc;ng &Iacute;ch Nh&igrave;), T&aacute;n Thiện (&Ocirc;ng &Iacute;ch Thiện), Ch&acirc;u Thượng Văn&hellip;nhất l&agrave; kết t&igrave;nh giao du với c&aacute;c nh&agrave; khoa bảng y&ecirc;u nước như: Ch&iacute; sĩ Phan Chu Trinh, Huỳnh Th&uacute;c Kh&aacute;ng, L&ecirc; B&aacute; Trinh, Phan Th&uacute;c Duyện&hellip; mượn cớ l&agrave; đến ch&uacute;c mừng c&aacute;c vị ấy đỗ vị thứ cao trong khoa thi Hương năm Canh T&yacute; (1900).</span></div>\r\n<div align="justify" style="font-family: Tahoma, Arial, Helvetica; font-size: 11px; margin: 0in 0in 0pt;">\r\n	<span style="font-size: 11pt;">&nbsp;&nbsp;&nbsp;&nbsp;&nbsp;&nbsp;&nbsp;&nbsp;&nbsp;&nbsp;&nbsp; Tiếng l&agrave;nh đồn xa, từ năm 1903 ch&iacute; sĩ Phan Bội Ch&acirc;u - Người anh t&agrave;i của Xứ Nghệ nghe tiếng b&egrave;n nhiều lần t&igrave;m đến thăm hỏi c&ugrave;ng với cụ&nbsp;<strong><em>&ldquo;mật nghị quốc sự&rdquo;</em></strong>. Với cuộc gặp lịch sử n&agrave;y, phong tr&agrave;o giải ph&oacute;ng d&acirc;n tộc ở nước ta bước sang một trang sử mới.</span></div>\r\n<div align="justify" style="font-family: Tahoma, Arial, Helvetica; font-size: 11px; margin: 0in 0in 0pt;">\r\n	<span style="font-size: 11pt;">&nbsp;&nbsp;&nbsp;&nbsp;&nbsp;&nbsp;&nbsp;&nbsp;&nbsp;&nbsp;&nbsp; Th&aacute;ng 5/1904, tại Sơn trang trại Nam Thịnh, Nguyễn Th&agrave;nh c&ugrave;ng với Phan Bội Ch&acirc;u v&agrave; nhiều sĩ phu y&ecirc;u nước kh&aacute;c đ&atilde; khai sinh ra Duy T&acirc;n hội, tiền th&acirc;n của Phong tr&agrave;o Đ&ocirc;ng Du, tiền th&acirc;n của Việt Nam Quang phục hội Xứ Nghệ v&agrave; Xứ Quảng. Nguyễn Th&agrave;nh lấy hiệu Tiểu La, b&iacute; mật vận động kinh t&agrave;i, tổ chức thương hội v&agrave; đưa thanh ni&ecirc;n sang Nhật du học với mưu cầu cứu nước, giải ph&oacute;ng d&acirc;n tộc sau n&agrave;y.</span></div>\r\n<div align="justify" style="font-family: Tahoma, Arial, Helvetica; font-size: 11px; margin: 0in 0in 0pt;">\r\n	<span style="font-size: 11pt;">&nbsp;&nbsp;&nbsp;&nbsp;&nbsp;&nbsp;&nbsp;&nbsp;&nbsp;&nbsp;&nbsp; Năm 1908, Phong tr&agrave;o Duy T&acirc;n l&ecirc;n cao như s&oacute;ng nước triều d&acirc;ng, cuộc biểu t&igrave;nh kh&aacute;ng sưu đầu ti&ecirc;n nổ ra ở Đại Lộc nhanh ch&oacute;ng lan rộng ra khắp tỉnh Quảng Nam v&agrave; c&aacute;c tỉnh Trung Kỳ m&agrave; sử quen gọi l&agrave; &ldquo;Trung Kỳ d&acirc;n biến&rdquo;. Thực d&acirc;n Ph&aacute;p thẳng tay đ&agrave;n &aacute;p, hầu hết c&aacute;c nh&agrave; y&ecirc;u nước đều bị bắt giết hoặc bị t&ugrave; đ&agrave;y khổ sai. Cụ Tiểu La cũng kh&ocirc;ng tr&aacute;nh khỏi, cụ bị bắt v&agrave; kết tội &ldquo;theo đảng bội quốc, ngầm th&ocirc;ng với nước ngo&agrave;i, đề xướng d&acirc;n quyền&rdquo; kết &aacute;n 9 năm t&ugrave; biệt xứ đi C&ocirc;n Đảo.</span></div>\r\n<div align="justify" style="font-family: Tahoma, Arial, Helvetica; font-size: 11px; margin: 0in 0in 0pt;">\r\n	<span style="font-size: 11pt;">&nbsp;&nbsp;&nbsp;&nbsp;&nbsp;&nbsp;&nbsp;&nbsp;&nbsp;&nbsp;&nbsp; Ra đảo được mấy th&aacute;ng, được tin tại qu&ecirc; nh&agrave; vợ mất, rồi sau đ&oacute; người con g&aacute;i qua đời. Kế tiếp l&agrave; hung tin, Nhật cấu kết với Ph&aacute;p trục xuất du học sinh Việt Nam v&agrave; Phan Bội Ch&acirc;u ra khỏi Nhật Bản. Đau x&oacute;t trước viễn cảnh<strong><em>&ldquo;Nước mất nh&agrave; tan&rdquo;</em></strong>, Cụ L&acirc;m bệnh thổ huyết v&agrave; mất tại C&ocirc;n Đảo v&agrave;o ng&agrave;y 11/11/1911 khi tuổi đời chỉ mới 48 v&agrave; m&atilde;i hơn 50 năm sau (1957), con ch&aacute;u cụ Tiểu La mới đưa h&agrave;i cốt của cụ về an t&aacute;ng tại qu&ecirc; nh&agrave;.</span></div>\r\n<div align="justify" style="font-family: Tahoma, Arial, Helvetica; font-size: 11px; margin: 0in 0in 0pt;">\r\n	<span style="font-size: 11pt;">&nbsp;&nbsp;&nbsp;&nbsp;&nbsp;&nbsp;&nbsp;&nbsp;&nbsp;&nbsp;&nbsp; Khi ở trong ngục, d&ugrave; bị h&agrave;nh hạ cụ vẫn c&oacute; những c&acirc;u văn c&ugrave;ng với những b&agrave;i thơ chữ H&aacute;n, vĩnh quyết đồng bạn thật đậm đ&agrave; chua x&oacute;t: &ldquo;Thời cuộc xoay vần, cơ hội tốt sẽ đến, gi&ocirc;ng m&acirc;y Đ&ocirc;ng &Aacute; sau n&agrave;y c&ograve;n nhiều cuộc biến đổi, anh em h&atilde;y gắng l&ecirc;n&rdquo;. B&agrave;i thơ chữ H&aacute;n đ&atilde; được ch&iacute; sĩ Huỳnh Th&uacute;c Kh&aacute;ng dịch, trong đ&oacute; c&oacute; đoạn:</span></div>\r\n<div align="justify" style="font-family: Tahoma, Arial, Helvetica; font-size: 11px; margin: 0in 0in 0pt;">\r\n	<span style="font-size: 11pt;">&nbsp;&nbsp;&nbsp;&nbsp;&nbsp;&nbsp;&nbsp;&nbsp;&nbsp;&nbsp;&nbsp; &ldquo; Một việc chưa th&agrave;nh t&oacute;c nhuộm m&agrave;u</span></div>\r\n<div align="justify" style="font-family: Tahoma, Arial, Helvetica; font-size: 11px; margin: 0in 0in 0pt;">\r\n	<span style="font-size: 11pt;">&nbsp;&nbsp;&nbsp;&nbsp;&nbsp;&nbsp;&nbsp;&nbsp;&nbsp;&nbsp;&nbsp; Non s&ocirc;ng ngoảnh lại thẹn m&agrave;y r&acirc;u.</span></div>\r\n<div align="justify" style="font-family: Tahoma, Arial, Helvetica; font-size: 11px; margin: 0in 0in 0pt;">\r\n	<span style="font-size: 11pt;">&nbsp;&nbsp;&nbsp;&nbsp;&nbsp;&nbsp;&nbsp;&nbsp;&nbsp;&nbsp;&nbsp; &hellip;</span></div>\r\n<div align="justify" style="font-family: Tahoma, Arial, Helvetica; font-size: 11px; margin: 0in 0in 0pt;">\r\n	<span style="font-size: 11pt;">&nbsp;&nbsp;&nbsp;&nbsp;&nbsp;&nbsp;&nbsp;&nbsp;&nbsp;&nbsp;&nbsp; Mở toang hai mắt tr&ocirc;ng trời đất</span></div>\r\n<div align="justify" style="font-family: Tahoma, Arial, Helvetica; font-size: 11px; margin: 0in 0in 0pt;">\r\n	<span style="font-size: 11pt;">&nbsp;&nbsp;&nbsp;&nbsp;&nbsp;&nbsp;&nbsp;&nbsp;&nbsp;&nbsp;&nbsp; Ngắm thử mười năm vẫn thế ru&rdquo;</span></div>\r\n<div align="justify" style="font-family: Tahoma, Arial, Helvetica; font-size: 11px; margin: 0in 0in 0pt;">\r\n	<span style="font-size: 11pt;">&nbsp;&nbsp;&nbsp;&nbsp;&nbsp;&nbsp;&nbsp;&nbsp;&nbsp;&nbsp;&nbsp; V&ocirc; c&ugrave;ng thương tiếc trước c&aacute;i chết của người Ch&iacute; sĩ y&ecirc;u nước t&agrave;i hoa, ch&iacute; sĩ L&ecirc; B&aacute; Trinh kh&oacute;c cụ Tiểu La qua mấy vần thơ:</span></div>\r\n<div align="justify" style="font-family: Tahoma, Arial, Helvetica; font-size: 11px; margin: 0in 0in 0pt;">\r\n	<span style="font-size: 11pt;">&nbsp;&nbsp;&nbsp;&nbsp;&nbsp;&nbsp;&nbsp;&nbsp;&nbsp;&nbsp;&nbsp; Bạn b&egrave; chuyện tr&ograve; sầu qu&ecirc;n l&atilde;ng</span></div>\r\n<div align="justify" style="font-family: Tahoma, Arial, Helvetica; font-size: 11px; margin: 0in 0in 0pt;">\r\n	<span style="font-size: 11pt;">&nbsp;&nbsp;&nbsp;&nbsp;&nbsp;&nbsp;&nbsp;&nbsp;&nbsp;&nbsp;&nbsp;&nbsp;</span><span style="font-size: 11pt;">Y&ecirc;u ma gặp gỡ n&oacute;i &ocirc;n tồn</span></div>\r\n<div align="justify" style="font-family: Tahoma, Arial, Helvetica; font-size: 11px; margin: 0in 0in 0pt;">\r\n	<span style="font-size: 11pt;">&nbsp;&nbsp;&nbsp;&nbsp;&nbsp;&nbsp;&nbsp;&nbsp;&nbsp;&nbsp;&nbsp; Thương người cỡi gi&oacute; miền C&ocirc;n Đảo</span></div>\r\n<div align="justify" style="font-family: Tahoma, Arial, Helvetica; font-size: 11px; margin: 0in 0in 0pt;">\r\n	<span style="font-size: 11pt;">&nbsp;&nbsp;&nbsp;&nbsp;&nbsp;&nbsp;&nbsp;&nbsp;&nbsp;&nbsp;&nbsp;&nbsp;</span><span style="font-size: 11pt;">Tiếc bạn v&ugrave;i th&acirc;n chốn suối v&agrave;ng.</span></div>\r\n<div align="justify" style="font-family: Tahoma, Arial, Helvetica; font-size: 11px; margin: 0in 0in 0pt;">\r\n	<span style="font-size: 11pt;">&nbsp;&nbsp;&nbsp;&nbsp;&nbsp;&nbsp;&nbsp;&nbsp;&nbsp;&nbsp;&nbsp; Đ&aacute;nh gi&aacute; về th&acirc;n thế sự nghiệp c&ugrave;ng ch&acirc;n t&agrave;i của Tiểu La được thể hiện qua b&agrave;i Văn tế kh&oacute;c Tiểu La của ch&iacute; sĩ S&agrave;o Nam &ndash; Phan Bội Ch&acirc;u, c&oacute; đoạn:</span></div>\r\n<div align="justify" style="font-family: Tahoma, Arial, Helvetica; font-size: 11px; margin: 0in 0in 0pt;">\r\n	<span style="font-size: 11pt;">&nbsp;&nbsp;&nbsp;&nbsp;&nbsp;&nbsp;&nbsp;&nbsp;&nbsp;&nbsp;&nbsp;&nbsp;</span><span style="font-size: 11pt;">&ldquo;Hỡi &ocirc;i, Tiểu La anh ơi!...</span></div>\r\n<div align="justify" style="font-family: Tahoma, Arial, Helvetica; font-size: 11px; margin: 0in 0in 0pt; text-indent: 0.5in;">\r\n	<span style="font-size: 11pt;">Nghĩ một người đ&agrave;o tạo ra em, th&agrave;nh tựu cho em, m&agrave; b&acirc;y giờ kẻ mất người c&ograve;n hồn trời ph&aacute;ch đất!</span></div>\r\n<div align="justify" style="font-family: Tahoma, Arial, Helvetica; font-size: 11px; margin: 0in 0in 0pt; text-indent: 0.5in;">\r\n	<span style="font-size: 11pt;">M&acirc;y Hải V&acirc;n mờ mịt b&oacute;ng gương v&agrave;ng</span></div>\r\n<div align="justify" style="font-family: Tahoma, Arial, Helvetica; font-size: 11px; margin: 0in 0in 0pt; text-indent: 0.5in;">\r\n	<span style="font-size: 11pt;">Bể Đ&agrave; Nẵng chập chờn cơn s&oacute;ng bạc!...</span></div>\r\n<div align="justify" style="font-family: Tahoma, Arial, Helvetica; font-size: 11px; margin: 0in 0in 0pt; text-indent: 0.5in;">\r\n	<span style="font-size: 11pt;">Than &ocirc;i!</span></div>\r\n<div align="justify" style="font-family: Tahoma, Arial, Helvetica; font-size: 11px; margin: 0in 0in 0pt; text-indent: 0.5in;">\r\n	<span style="font-size: 11pt;">Lịch sử anh thế n&agrave;o! Nh&acirc;n c&aacute;ch anh thế n&agrave;o! những ai l&agrave; người, c&oacute; mắt, c&oacute; tai, chắc đều biết thảy.</span></div>\r\n<div align="justify" style="font-family: Tahoma, Arial, Helvetica; font-size: 11px; margin: 0in 0in 0pt; text-indent: 0.5in;">\r\n	<span style="font-size: 11pt;">Em xin kể lại mấy c&acirc;u, c&ograve;n tường thuật thuỷ chung em đ&atilde; viết v&agrave;o bản &ldquo;Việt Nam nghĩa sĩ liệt&rdquo; bằng H&aacute;n văn rồi vậy&hellip; &rdquo;</span></div>\r\n<div align="justify" style="font-family: Tahoma, Arial, Helvetica; font-size: 11px; margin: 0in 0in 0pt;">\r\n	<span style="font-size: 11pt;">&nbsp;&nbsp;&nbsp;&nbsp;&nbsp;&nbsp;&nbsp;&nbsp;&nbsp;&nbsp;&nbsp; Một bậc ch&acirc;n t&agrave;i như ch&iacute; sĩ S&agrave;o Nam đ&atilde; kh&ocirc;ng tiếc lời ca ngợi về Tiểu La như thế, ch&uacute;ng ta đủ biết vai tr&ograve; v&agrave; vị tr&iacute; của Tiểu La - Nguyễn Th&agrave;nh trong phong tr&agrave;o y&ecirc;u nước cuối thế kỷ XIX đầu thế kỷ XX.</span></div>\r\n<div align="justify" style="font-family: Tahoma, Arial, Helvetica; font-size: 11px; margin: 0in 0in 0pt;">\r\n	<span style="font-size: 11pt;">&nbsp;&nbsp;&nbsp;</span><span style="font-size: 11pt;">&nbsp;&nbsp;&nbsp;&nbsp;&nbsp;&nbsp;&nbsp;&nbsp;&nbsp;&nbsp;&nbsp;&nbsp;&nbsp;&nbsp;&nbsp;&nbsp;&nbsp;&nbsp;&nbsp;&nbsp;&nbsp;&nbsp;&nbsp;&nbsp;&nbsp;&nbsp;&nbsp;&nbsp;&nbsp;&nbsp;&nbsp;&nbsp;&nbsp;&nbsp;&nbsp;&nbsp;&nbsp;&nbsp;&nbsp;&nbsp;&nbsp;&nbsp;&nbsp;&nbsp;&nbsp;&nbsp;&nbsp;&nbsp;&nbsp;&nbsp;&nbsp;&nbsp;<font size="1"><strong>Tổng lược v&agrave; bi&ecirc;n soạn:</strong></font></span></div>\r\n<p align="justify" style="font-family: Tahoma, Arial, Helvetica; font-size: 11px; margin: 0in 0in 0pt;">\r\n	<span style="font-size: 11pt;"><font size="1">&nbsp;&nbsp;&nbsp;&nbsp;&nbsp;&nbsp;&nbsp;&nbsp;&nbsp;&nbsp;&nbsp;&nbsp;&nbsp;&nbsp;&nbsp;&nbsp;&nbsp;&nbsp;&nbsp;&nbsp;&nbsp;&nbsp;&nbsp;&nbsp;&nbsp;&nbsp;&nbsp;&nbsp;&nbsp;&nbsp;&nbsp;&nbsp;&nbsp;&nbsp;&nbsp;&nbsp;&nbsp;&nbsp;&nbsp;&nbsp;&nbsp;&nbsp;&nbsp;&nbsp;&nbsp;&nbsp;&nbsp;&nbsp;&nbsp;&nbsp;&nbsp;&nbsp;&nbsp;&nbsp;&nbsp;&nbsp;&nbsp;&nbsp;&nbsp;&nbsp;&nbsp;&nbsp;&nbsp;&nbsp;&nbsp;&nbsp;&nbsp;&nbsp;&nbsp;&nbsp;&nbsp;&nbsp;&nbsp;&nbsp;&nbsp;&nbsp;&nbsp;&nbsp;&nbsp;&nbsp;&nbsp;&nbsp;&nbsp;&nbsp;&nbsp; Huỳnh Văn Chung</font></span></p>\r\n<p align="justify" style="font-family: Tahoma, Arial, Helvetica; font-size: 11px; margin: 0in 0in 0pt;">\r\n	<span style="font-size: 11pt;"><font size="1">&nbsp;&nbsp;&nbsp;&nbsp;&nbsp;&nbsp;&nbsp;&nbsp;&nbsp;&nbsp;&nbsp;&nbsp;&nbsp;&nbsp;&nbsp;&nbsp;&nbsp;&nbsp;&nbsp;&nbsp;&nbsp;&nbsp;&nbsp;&nbsp;&nbsp;&nbsp;&nbsp;&nbsp;&nbsp;&nbsp;&nbsp;&nbsp;&nbsp;&nbsp;&nbsp;&nbsp;&nbsp;&nbsp;&nbsp;&nbsp;&nbsp;&nbsp;&nbsp;&nbsp;&nbsp;&nbsp;&nbsp;&nbsp;&nbsp;&nbsp;&nbsp;&nbsp;&nbsp;&nbsp;&nbsp;&nbsp;&nbsp;&nbsp;&nbsp;&nbsp;&nbsp;&nbsp;&nbsp;&nbsp; Tổ: Sử - Địa - GDCD - Trường THPT Tiểu La</font></span></p>\r\n', '2013-11-13', '2013-11-13', 0),
(4, 0, 12, 'Thông báo Khẩn V/v phòng chống siêu bão Haiyan', 'thong-bao-khan-vv-phong-chong-sieu-bao-haiyan', 1, 0, '', '', '<div class="detail_title" style="margin: 0px; padding: 0px 10px; font-family: Arial; font-weight: bold; font-size: 18px; color: rgb(0, 51, 153); width: 670px;">\r\n	<span style="font-size:12px;"><a href="http://www.udn.vn/posts/view/1045/59#" name="title_post" style="margin: 0px; padding: 0px; text-decoration: none; color: blue; outline: 0px;">Th&ocirc;ng b&aacute;o Khẩn V/v ph&ograve;ng chống si&ecirc;u b&atilde;o Haiyan (Hải Yến)</a>&nbsp;<span style="margin: 0px; padding: 0px; color: rgb(0, 0, 0); font-style: italic;">(08-11-2013)</span></span></div>\r\n<div class="detail_conts" style="margin: 8px 0px 0px; padding: 10px; width: 670px; font-family: Arial; font-size: 0.8em; color: rgb(51, 51, 51); text-align: justify; line-height: 25px;">\r\n	<p style="margin: 0px; padding: 0px;">\r\n		&nbsp;</p>\r\n	<table border="0" cellpadding="0" cellspacing="0" style="margin: 0px; padding: 0px;">\r\n		<tbody style="margin: 0px; padding: 0px;">\r\n			<tr style="margin: 0px; padding: 0px;">\r\n				<td style="margin: 0px; padding: 0px; width: 266px;">\r\n					<p align="center" style="margin: 0px; padding: 0px;">\r\n						<span style="font-size:12px;">BỘ GI&Aacute;O DỤC V&Agrave; Đ&Agrave;O TẠO</span></p>\r\n					<p align="center" style="margin: 0px; padding: 0px;">\r\n						<span style="font-size:12px;"><strong style="margin: 0px; padding: 0px;">ĐẠI HỌC Đ&Agrave; NẴNG</strong></span></p>\r\n					<p align="center" style="margin: 0px; padding: 0px;">\r\n						<span style="font-size:12px;"><strong style="margin: 0px; padding: 0px;">_________________</strong></span></p>\r\n				</td>\r\n				<td style="margin: 0px; padding: 0px; width: 398px;">\r\n					<p align="center" style="margin: 0px; padding: 0px;">\r\n						<span style="font-size:12px;"><strong style="margin: 0px; padding: 0px;">CỘNG H&Ograve;A X&Atilde; HỘI CHỦ NGHĨA VIỆT NAM</strong></span></p>\r\n					<p align="center" style="margin: 0px; padding: 0px;">\r\n						<span style="font-size:12px;"><strong style="margin: 0px; padding: 0px;">Độc lập &ndash; Tự do &ndash; Hạnh ph&uacute;c</strong></span></p>\r\n					<p align="center" style="margin: 0px; padding: 0px;">\r\n						<span style="font-size:12px;"><strong style="margin: 0px; padding: 0px;">_______________________________________________________________</strong></span></p>\r\n				</td>\r\n			</tr>\r\n			<tr style="margin: 0px; padding: 0px;">\r\n				<td style="margin: 0px; padding: 0px; width: 266px;">\r\n					<p align="center" style="margin: 0px; padding: 0px;">\r\n						<span style="font-size:12px;">Số: 7012 /ĐHĐN-VP</span></p>\r\n				</td>\r\n				<td style="margin: 0px; padding: 0px; width: 398px;">\r\n					<p align="center" style="margin: 0px; padding: 0px;">\r\n						<span style="font-size:12px;"><em style="margin: 0px; padding: 0px;">Đ&agrave; Nẵng, ng&agrave;y 08 th&aacute;ng 11 năm 2013</em></span></p>\r\n				</td>\r\n			</tr>\r\n		</tbody>\r\n	</table>\r\n	<p style="margin: 0px; padding: 0px;">\r\n		&nbsp;</p>\r\n	<p style="margin: 0px; padding: 0px;">\r\n		<span style="font-size:12px;"><strong style="margin: 0px; padding: 0px;">&nbsp; &nbsp; &nbsp; &nbsp; &nbsp; &nbsp; &nbsp; &nbsp; &nbsp; &nbsp; &nbsp; Khẩn</strong></span></p>\r\n	<p align="center" style="margin: 0px; padding: 0px;">\r\n		<span style="font-size:12px;"><strong style="margin: 0px; padding: 0px;">TH&Ocirc;NG B&Aacute;O SỐ 1</strong></span></p>\r\n	<p align="center" style="margin: 0px; padding: 0px;">\r\n		<span style="font-size:12px;"><strong style="margin: 0px; padding: 0px;">V/v ph&ograve;ng chống si&ecirc;u b&atilde;o Haiyan (Hải Yến)</strong></span></p>\r\n	<p align="center" style="margin: 0px; padding: 0px;">\r\n		<span style="font-size:12px;">_________________________</span></p>\r\n	<p align="center" style="margin: 0px; padding: 0px;">\r\n		&nbsp;</p>\r\n	<p align="center" style="margin: 0px; padding: 0px;">\r\n		&nbsp;</p>\r\n	<p align="center" style="margin: 0px; padding: 0px;">\r\n		&nbsp;</p>\r\n	<p align="center" style="margin: 0px; padding: 0px;">\r\n		<span style="font-size:12px;">K&iacute;nh gửi: C&aacute;c trường th&agrave;nh vi&ecirc;n, c&aacute;c đơn vị trực thuộc</span></p>\r\n	<p style="margin: 0px; padding: 0px;">\r\n		&nbsp;</p>\r\n	<p style="margin: 0px; padding: 0px;">\r\n		<span style="font-size:12px;">&nbsp;&nbsp;&nbsp;&nbsp;&nbsp;&nbsp;&nbsp;&nbsp;&nbsp;&nbsp;&nbsp; Theo Trung t&acirc;m Dự b&aacute;o kh&iacute; tượng Thủy văn Trung ương, l&uacute;c 13 giờ chiều nay 7-11, vị tr&iacute; t&acirc;m b&atilde;o ở v&agrave;o khoảng 9,3 độ Vĩ Bắc; 131,1 độ Kinh Đ&ocirc;ng, c&aacute;ch đảo Mindanao (Philippines) khoảng 520 km về ph&iacute;a Đ&ocirc;ng. Sức gi&oacute; mạnh nhất ở v&ugrave;ng gần t&acirc;m b&atilde;o mạnh cấp 17 (tức l&agrave; từ 202 đến 221 km một giờ), giật tr&ecirc;n cấp 17. Dự b&aacute;o trong 24 giờ tới, b&atilde;o di chuyển nhanh theo hướng giữa T&acirc;y v&agrave; T&acirc;y T&acirc;y Bắc, mỗi giờ đi được khoảng 30 - 35 km. Đến 13 giờ ng&agrave;y 8-11, vị tr&iacute; t&acirc;m b&atilde;o ở v&agrave;o khoảng 11,5 độ Vĩ Bắc; 123,4 độ Kinh Đ&ocirc;ng, tr&ecirc;n khu vực miền Trung Philippines. Sức gi&oacute; mạnh nhất v&ugrave;ng gần t&acirc;m b&atilde;o mạnh cấp 16, cấp 17 (tức l&agrave; từ 184 đến 221 km một giờ), giật tr&ecirc;n cấp 17.</span><br style="margin: 0px; padding: 0px;" />\r\n		&nbsp;</p>\r\n	<p style="margin: 0px; padding: 0px;">\r\n		<span style="font-size:12px;">&nbsp;&nbsp;&nbsp;&nbsp;&nbsp;&nbsp;&nbsp;&nbsp;&nbsp;&nbsp;&nbsp; Trưởng Ban chỉ đạo ph&ograve;ng chống lụt b&atilde;o Trung ương, Bộ trưởng Bộ N&ocirc;ng nghiệp v&agrave; Ph&aacute;t triển n&ocirc;ng th&ocirc;n Cao Đức Ph&aacute;t đặc biệt lưu &yacute;, si&ecirc;u b&atilde;o Haiyan l&agrave; cơn b&atilde;o mạnh nhất trong v&ograve;ng 10 năm gần đ&acirc;y, b&atilde;o hiện đang ở cấp 17 v&agrave; di chuyển rất nhanh. Dự b&aacute;o sẽ đổ bộ v&agrave;o đất liền c&aacute;c tỉnh miền Trung trong khoảng thời gian từ tối ng&agrave;y 10 đến rạng s&aacute;ng ng&agrave;y 11-11. Khi v&agrave;o bờ, b&atilde;o ở cấp 12 đến 13, giật cấp 14 đến 15.</span><br style="margin: 0px; padding: 0px;" />\r\n		&nbsp;</p>\r\n	<p style="margin: 0px; padding: 0px;">\r\n		<span style="font-size:12px;">&nbsp;&nbsp;&nbsp;&nbsp;&nbsp;&nbsp;&nbsp;&nbsp;&nbsp;&nbsp;&nbsp; Si&ecirc;u b&atilde;o Haiyan, diễn biến phức tạp, khả năng ảnh hưởng đến th&agrave;nh phố Đ&agrave; Nẵng l&agrave; rất lớn. C&aacute;c trường th&agrave;nh vi&ecirc;n, đơn vị trực thuộc cần quyết liệt triển khai c&aacute;c biện ph&aacute;p ứng ph&oacute; si&ecirc;u b&atilde;o, đảm bảo an to&agrave;n t&iacute;nh mạng cho CBVC v&agrave; HSSV, giảm thiểu thấp nhất thiệt hại về t&agrave;i sản trước, trong v&agrave; sau b&atilde;o. Trước mắt, Đại học Đ&agrave; Nẵng y&ecirc;u cầu c&aacute;c trường th&agrave;nh vi&ecirc;n, đơn vị trực thuộc nghi&ecirc;m t&uacute;c, khẩn trương thực hiện c&aacute;c c&ocirc;ng việc sau đ&acirc;y:</span><br style="margin: 0px; padding: 0px;" />\r\n		&nbsp;</p>\r\n	<p style="margin: 0px; padding: 0px;">\r\n		<span style="font-size:12px;">&nbsp;&nbsp;&nbsp;&nbsp;&nbsp;&nbsp;&nbsp;&nbsp;&nbsp;&nbsp;&nbsp; 1. Lập phương &aacute;n sơ t&aacute;n HSSV đang tr&uacute; ở c&aacute;c ph&ograve;ng trọ kh&ocirc;ng ki&ecirc;n cố b&ecirc;n ngo&agrave;i nh&agrave; trường v&agrave;o tr&uacute; ở những nơi ki&ecirc;n cố như k&yacute; t&uacute;c x&aacute;, giảng đường,&hellip; b&ecirc;n trong nh&agrave; trường để tr&aacute;nh tr&uacute; b&atilde;o.</span><br style="margin: 0px; padding: 0px;" />\r\n		&nbsp;</p>\r\n	<p style="margin: 0px; padding: 0px;">\r\n		<span style="font-size:12px;">&nbsp;&nbsp;&nbsp;&nbsp;&nbsp;&nbsp;&nbsp;&nbsp;&nbsp;&nbsp;&nbsp; 2. Ban ph&ograve;ng chống thi&ecirc;n tai của đơn vị gấp r&uacute;t cử c&aacute;n bộ xuống c&aacute;c địa điểm xung yếu (giảng đường, nh&agrave; xưởng, k&yacute; t&uacute;c x&aacute;, ph&ograve;ng l&agrave;m việc, ph&ograve;ng th&iacute; nghiệm, ph&ograve;ng m&aacute;y t&iacute;nh, thư viện, nh&agrave; tập thể dục thể thao, v.v&hellip;) của đơn vị kiểm tra, đ&ocirc;n đốc triển khai c&aacute;c phương &aacute;n ph&ograve;ng chống b&atilde;o (đặc biệt kiểm tra kỹ c&aacute;c cửa sổ, cửa ra v&agrave;o, c&aacute;c v&aacute;ch nh&ocirc;m k&iacute;nh, m&aacute;i t&ocirc;n, v.v&hellip;); huy động lực lượng, cơ sở vật chất, phương tiện kỹ thuật sẵn s&agrave;ng ứng ph&oacute; với c&aacute;c t&igrave;nh huống phức tạp xảy ra.</span><br style="margin: 0px; padding: 0px;" />\r\n		&nbsp;</p>\r\n	<p style="margin: 0px; padding: 0px;">\r\n		<span style="font-size:12px;">&nbsp;&nbsp;&nbsp;&nbsp;&nbsp;&nbsp;&nbsp;&nbsp;&nbsp;&nbsp;&nbsp; 3. Theo d&otilde;i s&aacute;t t&igrave;nh h&igrave;nh diễn biến của si&ecirc;u b&atilde;oHaiyan, phối hợp chặt chẽ với lực lượng ph&ograve;ng chống lụt b&atilde;o v&agrave; t&igrave;m kiếm cứu nạn địa phương v&agrave; Đại học Đ&agrave; Nẵng, kịp thời ứng ph&oacute; với c&aacute;c t&igrave;nh huống phức tạp xảy ra.</span><br style="margin: 0px; padding: 0px;" />\r\n		&nbsp;</p>\r\n	<p style="margin: 0px; padding: 0px;">\r\n		<span style="font-size:12px;">&nbsp;&nbsp;&nbsp;&nbsp;&nbsp;&nbsp;&nbsp;&nbsp;&nbsp;&nbsp;&nbsp; 4. Thực hiện nghi&ecirc;m t&uacute;c chế độ th&ocirc;ng tin, b&aacute;o c&aacute;o nhanh về Đại học Đ&agrave; Nẵng (qua số điện thoại của &ocirc;ng L&ecirc; Th&agrave;nh Bắc, Ch&aacute;nh Văn ph&ograve;ng: 0913423178); đặc biệt khi c&oacute; c&aacute;c sự cố bất thường.</span><br style="margin: 0px; padding: 0px;" />\r\n		&nbsp;</p>\r\n	<p style="margin: 0px; padding: 0px;">\r\n		<span style="font-size:12px;">&nbsp;&nbsp;&nbsp;&nbsp;&nbsp;&nbsp;&nbsp;&nbsp;&nbsp;&nbsp;&nbsp; Tr&acirc;n trọng./.</span></p>\r\n	<p style="margin: 0px; padding: 0px;">\r\n		&nbsp;</p>\r\n	<table border="0" cellpadding="0" cellspacing="0" style="margin: 0px; padding: 0px;">\r\n		<tbody style="margin: 0px; padding: 0px;">\r\n			<tr style="margin: 0px; padding: 0px;">\r\n				<td style="margin: 0px; padding: 0px; width: 321px;">\r\n					<p style="margin: 0px; padding: 0px;">\r\n						<span style="font-size:12px;"><strong style="margin: 0px; padding: 0px;"><em style="margin: 0px; padding: 0px;">Nơi nhận:</em></strong></span></p>\r\n					<p style="margin: 0px 0px 0px 36.85pt; padding: 0px;">\r\n						<span style="font-size:12px;">-&nbsp;&nbsp;&nbsp;&nbsp;&nbsp;&nbsp;&nbsp;&nbsp;&nbsp; Như tr&ecirc;n;</span></p>\r\n					<p style="margin: 0px 0px 0px 36.85pt; padding: 0px;">\r\n						<span style="font-size:12px;">-&nbsp;&nbsp;&nbsp;&nbsp;&nbsp;&nbsp;&nbsp;&nbsp; Lưu VT.</span></p>\r\n				</td>\r\n				<td style="margin: 0px; padding: 0px; width: 320px;">\r\n					<p align="center" style="margin: 0px; padding: 0px;">\r\n						<span style="font-size:12px;"><strong style="margin: 0px; padding: 0px;">GI&Aacute;M ĐỐC</strong></span></p>\r\n					<p align="center" style="margin: 0px; padding: 0px;">\r\n						&nbsp;</p>\r\n					<p align="center" style="margin: 0px; padding: 0px;">\r\n						&nbsp;</p>\r\n					<p align="center" style="margin: 0px; padding: 0px;">\r\n						<span style="font-size:12px;">(đ&atilde; k&yacute;)</span></p>\r\n					<p align="center" style="margin: 0px; padding: 0px;">\r\n						&nbsp;</p>\r\n					<p align="center" style="margin: 0px; padding: 0px;">\r\n						&nbsp;</p>\r\n					<p align="center" style="margin: 0px; padding: 0px;">\r\n						<span style="font-size:12px;"><strong style="margin: 0px; padding: 0px;">PGS.TS Trần Văn Nam</strong></span></p>\r\n				</td>\r\n			</tr>\r\n		</tbody>\r\n	</table>\r\n</div>\r\n<p>\r\n	&nbsp;</p>\r\n', '2013-11-13', '2013-11-13', 0);
INSERT INTO `posts` (`id`, `user_id`, `category_id`, `title`, `alias`, `is_active`, `ordering`, `thumbnail`, `sumary`, `content`, `created`, `modified`, `view_count`) VALUES
(5, 0, 12, 'Thông báo Khẩn V/v phòng chống siêu bão Haiyan', 'thong-bao-khan-vv-phong-chong-sieu-bao-haiyan', 1, 0, '', '', '<div class="detail_title" style="margin: 0px; padding: 0px 10px; font-family: Arial; font-weight: bold; font-size: 18px; color: rgb(0, 51, 153); width: 670px;">\r\n	&nbsp;</div>\r\n<div class="detail_conts" style="margin: 8px 0px 0px; padding: 10px; width: 670px; font-family: Arial; font-size: 0.8em; color: rgb(51, 51, 51); text-align: justify; line-height: 25px;">\r\n	<table border="0" cellpadding="0" cellspacing="0" style="margin: 0px; padding: 0px;">\r\n		<tbody style="margin: 0px; padding: 0px;">\r\n			<tr style="margin: 0px; padding: 0px;">\r\n				<td style="margin: 0px; padding: 0px; width: 266px;">\r\n					<p align="center" style="margin: 0px; padding: 0px;">\r\n						<span style="font-size:12px;">BỘ GI&Aacute;O DỤC V&Agrave; Đ&Agrave;O TẠO</span></p>\r\n					<p align="center" style="margin: 0px; padding: 0px;">\r\n						<span style="font-size:12px;"><strong style="margin: 0px; padding: 0px;">ĐẠI HỌC Đ&Agrave; NẴNG</strong></span></p>\r\n					<p align="center" style="margin: 0px; padding: 0px;">\r\n						<span style="font-size:12px;"><strong style="margin: 0px; padding: 0px;">_________________</strong></span></p>\r\n				</td>\r\n				<td style="margin: 0px; padding: 0px; width: 398px;">\r\n					<p align="center" style="margin: 0px; padding: 0px;">\r\n						<span style="font-size:12px;"><strong style="margin: 0px; padding: 0px;">CỘNG H&Ograve;A X&Atilde; HỘI CHỦ NGHĨA VIỆT NAM</strong></span></p>\r\n					<p align="center" style="margin: 0px; padding: 0px;">\r\n						<span style="font-size:12px;"><strong style="margin: 0px; padding: 0px;">Độc lập &ndash; Tự do &ndash; Hạnh ph&uacute;c</strong></span></p>\r\n					<p align="center" style="margin: 0px; padding: 0px;">\r\n						<span style="font-size:12px;"><strong style="margin: 0px; padding: 0px;">_______________________________________________________________</strong></span></p>\r\n				</td>\r\n			</tr>\r\n			<tr style="margin: 0px; padding: 0px;">\r\n				<td style="margin: 0px; padding: 0px; width: 266px;">\r\n					<p align="center" style="margin: 0px; padding: 0px;">\r\n						<span style="font-size:12px;">Số: 7012 /ĐHĐN-VP</span></p>\r\n				</td>\r\n				<td style="margin: 0px; padding: 0px; width: 398px;">\r\n					<p align="center" style="margin: 0px; padding: 0px;">\r\n						<span style="font-size:12px;"><em style="margin: 0px; padding: 0px;">Đ&agrave; Nẵng, ng&agrave;y 08 th&aacute;ng 11 năm 2013</em></span></p>\r\n				</td>\r\n			</tr>\r\n		</tbody>\r\n	</table>\r\n	<p style="margin: 0px; padding: 0px;">\r\n		&nbsp;</p>\r\n	<p style="margin: 0px; padding: 0px;">\r\n		<span style="font-size:12px;"><strong style="margin: 0px; padding: 0px;">&nbsp; &nbsp; &nbsp; &nbsp; &nbsp; &nbsp; &nbsp; &nbsp; &nbsp; &nbsp; &nbsp; Khẩn</strong></span></p>\r\n	<p align="center" style="margin: 0px; padding: 0px;">\r\n		<span style="font-size:12px;"><strong style="margin: 0px; padding: 0px;">TH&Ocirc;NG B&Aacute;O SỐ 1</strong></span></p>\r\n	<p align="center" style="margin: 0px; padding: 0px;">\r\n		<span style="font-size:12px;"><strong style="margin: 0px; padding: 0px;">V/v ph&ograve;ng chống si&ecirc;u b&atilde;o Haiyan (Hải Yến)</strong></span></p>\r\n	<p align="center" style="margin: 0px; padding: 0px;">\r\n		<span style="font-size:12px;">_________________________</span></p>\r\n	<p align="center" style="margin: 0px; padding: 0px;">\r\n		&nbsp;</p>\r\n	<p align="center" style="margin: 0px; padding: 0px;">\r\n		&nbsp;</p>\r\n	<p align="center" style="margin: 0px; padding: 0px;">\r\n		&nbsp;</p>\r\n	<p align="center" style="margin: 0px; padding: 0px;">\r\n		<span style="font-size:12px;">K&iacute;nh gửi: C&aacute;c trường th&agrave;nh vi&ecirc;n, c&aacute;c đơn vị trực thuộc</span></p>\r\n	<p style="margin: 0px; padding: 0px;">\r\n		&nbsp;</p>\r\n	<p style="margin: 0px; padding: 0px;">\r\n		<span style="font-size:12px;">&nbsp;&nbsp;&nbsp;&nbsp;&nbsp;&nbsp;&nbsp;&nbsp;&nbsp;&nbsp;&nbsp; Theo Trung t&acirc;m Dự b&aacute;o kh&iacute; tượng Thủy văn Trung ương, l&uacute;c 13 giờ chiều nay 7-11, vị tr&iacute; t&acirc;m b&atilde;o ở v&agrave;o khoảng 9,3 độ Vĩ Bắc; 131,1 độ Kinh Đ&ocirc;ng, c&aacute;ch đảo Mindanao (Philippines) khoảng 520 km về ph&iacute;a Đ&ocirc;ng. Sức gi&oacute; mạnh nhất ở v&ugrave;ng gần t&acirc;m b&atilde;o mạnh cấp 17 (tức l&agrave; từ 202 đến 221 km một giờ), giật tr&ecirc;n cấp 17. Dự b&aacute;o trong 24 giờ tới, b&atilde;o di chuyển nhanh theo hướng giữa T&acirc;y v&agrave; T&acirc;y T&acirc;y Bắc, mỗi giờ đi được khoảng 30 - 35 km. Đến 13 giờ ng&agrave;y 8-11, vị tr&iacute; t&acirc;m b&atilde;o ở v&agrave;o khoảng 11,5 độ Vĩ Bắc; 123,4 độ Kinh Đ&ocirc;ng, tr&ecirc;n khu vực miền Trung Philippines. Sức gi&oacute; mạnh nhất v&ugrave;ng gần t&acirc;m b&atilde;o mạnh cấp 16, cấp 17 (tức l&agrave; từ 184 đến 221 km một giờ), giật tr&ecirc;n cấp 17.</span><br style="margin: 0px; padding: 0px;" />\r\n		&nbsp;</p>\r\n	<p style="margin: 0px; padding: 0px;">\r\n		<span style="font-size:12px;">&nbsp;&nbsp;&nbsp;&nbsp;&nbsp;&nbsp;&nbsp;&nbsp;&nbsp;&nbsp;&nbsp; Trưởng Ban chỉ đạo ph&ograve;ng chống lụt b&atilde;o Trung ương, Bộ trưởng Bộ N&ocirc;ng nghiệp v&agrave; Ph&aacute;t triển n&ocirc;ng th&ocirc;n Cao Đức Ph&aacute;t đặc biệt lưu &yacute;, si&ecirc;u b&atilde;o Haiyan l&agrave; cơn b&atilde;o mạnh nhất trong v&ograve;ng 10 năm gần đ&acirc;y, b&atilde;o hiện đang ở cấp 17 v&agrave; di chuyển rất nhanh. Dự b&aacute;o sẽ đổ bộ v&agrave;o đất liền c&aacute;c tỉnh miền Trung trong khoảng thời gian từ tối ng&agrave;y 10 đến rạng s&aacute;ng ng&agrave;y 11-11. Khi v&agrave;o bờ, b&atilde;o ở cấp 12 đến 13, giật cấp 14 đến 15.</span><br style="margin: 0px; padding: 0px;" />\r\n		&nbsp;</p>\r\n	<p style="margin: 0px; padding: 0px;">\r\n		<span style="font-size:12px;">&nbsp;&nbsp;&nbsp;&nbsp;&nbsp;&nbsp;&nbsp;&nbsp;&nbsp;&nbsp;&nbsp; Si&ecirc;u b&atilde;o Haiyan, diễn biến phức tạp, khả năng ảnh hưởng đến th&agrave;nh phố Đ&agrave; Nẵng l&agrave; rất lớn. C&aacute;c trường th&agrave;nh vi&ecirc;n, đơn vị trực thuộc cần quyết liệt triển khai c&aacute;c biện ph&aacute;p ứng ph&oacute; si&ecirc;u b&atilde;o, đảm bảo an to&agrave;n t&iacute;nh mạng cho CBVC v&agrave; HSSV, giảm thiểu thấp nhất thiệt hại về t&agrave;i sản trước, trong v&agrave; sau b&atilde;o. Trước mắt, Đại học Đ&agrave; Nẵng y&ecirc;u cầu c&aacute;c trường th&agrave;nh vi&ecirc;n, đơn vị trực thuộc nghi&ecirc;m t&uacute;c, khẩn trương thực hiện c&aacute;c c&ocirc;ng việc sau đ&acirc;y:</span><br style="margin: 0px; padding: 0px;" />\r\n		&nbsp;</p>\r\n	<p style="margin: 0px; padding: 0px;">\r\n		<span style="font-size:12px;">&nbsp;&nbsp;&nbsp;&nbsp;&nbsp;&nbsp;&nbsp;&nbsp;&nbsp;&nbsp;&nbsp; 1. Lập phương &aacute;n sơ t&aacute;n HSSV đang tr&uacute; ở c&aacute;c ph&ograve;ng trọ kh&ocirc;ng ki&ecirc;n cố b&ecirc;n ngo&agrave;i nh&agrave; trường v&agrave;o tr&uacute; ở những nơi ki&ecirc;n cố như k&yacute; t&uacute;c x&aacute;, giảng đường,&hellip; b&ecirc;n trong nh&agrave; trường để tr&aacute;nh tr&uacute; b&atilde;o.</span><br style="margin: 0px; padding: 0px;" />\r\n		&nbsp;</p>\r\n	<p style="margin: 0px; padding: 0px;">\r\n		<span style="font-size:12px;">&nbsp;&nbsp;&nbsp;&nbsp;&nbsp;&nbsp;&nbsp;&nbsp;&nbsp;&nbsp;&nbsp; 2. Ban ph&ograve;ng chống thi&ecirc;n tai của đơn vị gấp r&uacute;t cử c&aacute;n bộ xuống c&aacute;c địa điểm xung yếu (giảng đường, nh&agrave; xưởng, k&yacute; t&uacute;c x&aacute;, ph&ograve;ng l&agrave;m việc, ph&ograve;ng th&iacute; nghiệm, ph&ograve;ng m&aacute;y t&iacute;nh, thư viện, nh&agrave; tập thể dục thể thao, v.v&hellip;) của đơn vị kiểm tra, đ&ocirc;n đốc triển khai c&aacute;c phương &aacute;n ph&ograve;ng chống b&atilde;o (đặc biệt kiểm tra kỹ c&aacute;c cửa sổ, cửa ra v&agrave;o, c&aacute;c v&aacute;ch nh&ocirc;m k&iacute;nh, m&aacute;i t&ocirc;n, v.v&hellip;); huy động lực lượng, cơ sở vật chất, phương tiện kỹ thuật sẵn s&agrave;ng ứng ph&oacute; với c&aacute;c t&igrave;nh huống phức tạp xảy ra.</span><br style="margin: 0px; padding: 0px;" />\r\n		&nbsp;</p>\r\n	<p style="margin: 0px; padding: 0px;">\r\n		<span style="font-size:12px;">&nbsp;&nbsp;&nbsp;&nbsp;&nbsp;&nbsp;&nbsp;&nbsp;&nbsp;&nbsp;&nbsp; 3. Theo d&otilde;i s&aacute;t t&igrave;nh h&igrave;nh diễn biến của si&ecirc;u b&atilde;oHaiyan, phối hợp chặt chẽ với lực lượng ph&ograve;ng chống lụt b&atilde;o v&agrave; t&igrave;m kiếm cứu nạn địa phương v&agrave; Đại học Đ&agrave; Nẵng, kịp thời ứng ph&oacute; với c&aacute;c t&igrave;nh huống phức tạp xảy ra.</span><br style="margin: 0px; padding: 0px;" />\r\n		&nbsp;</p>\r\n	<p style="margin: 0px; padding: 0px;">\r\n		<span style="font-size:12px;">&nbsp;&nbsp;&nbsp;&nbsp;&nbsp;&nbsp;&nbsp;&nbsp;&nbsp;&nbsp;&nbsp; 4. Thực hiện nghi&ecirc;m t&uacute;c chế độ th&ocirc;ng tin, b&aacute;o c&aacute;o nhanh về Đại học Đ&agrave; Nẵng (qua số điện thoại của &ocirc;ng L&ecirc; Th&agrave;nh Bắc, Ch&aacute;nh Văn ph&ograve;ng: 0913423178); đặc biệt khi c&oacute; c&aacute;c sự cố bất thường.</span><br style="margin: 0px; padding: 0px;" />\r\n		&nbsp;</p>\r\n	<p style="margin: 0px; padding: 0px;">\r\n		<span style="font-size:12px;">&nbsp;&nbsp;&nbsp;&nbsp;&nbsp;&nbsp;&nbsp;&nbsp;&nbsp;&nbsp;&nbsp; Tr&acirc;n trọng./.</span></p>\r\n	<p style="margin: 0px; padding: 0px;">\r\n		&nbsp;</p>\r\n	<table border="0" cellpadding="0" cellspacing="0" style="margin: 0px; padding: 0px;">\r\n		<tbody style="margin: 0px; padding: 0px;">\r\n			<tr style="margin: 0px; padding: 0px;">\r\n				<td style="margin: 0px; padding: 0px; width: 321px;">\r\n					<p style="margin: 0px; padding: 0px;">\r\n						<span style="font-size:12px;"><strong style="margin: 0px; padding: 0px;"><em style="margin: 0px; padding: 0px;">Nơi nhận:</em></strong></span></p>\r\n					<p style="margin: 0px 0px 0px 36.85pt; padding: 0px;">\r\n						<span style="font-size:12px;">-&nbsp;&nbsp;&nbsp;&nbsp;&nbsp;&nbsp;&nbsp;&nbsp;&nbsp; Như tr&ecirc;n;</span></p>\r\n					<p style="margin: 0px 0px 0px 36.85pt; padding: 0px;">\r\n						<span style="font-size:12px;">-&nbsp;&nbsp;&nbsp;&nbsp;&nbsp;&nbsp;&nbsp;&nbsp; Lưu VT.</span></p>\r\n				</td>\r\n				<td style="margin: 0px; padding: 0px; width: 320px;">\r\n					<p align="center" style="margin: 0px; padding: 0px;">\r\n						<span style="font-size:12px;"><strong style="margin: 0px; padding: 0px;">GI&Aacute;M ĐỐC</strong></span></p>\r\n					<p align="center" style="margin: 0px; padding: 0px;">\r\n						&nbsp;</p>\r\n					<p align="center" style="margin: 0px; padding: 0px;">\r\n						&nbsp;</p>\r\n					<p align="center" style="margin: 0px; padding: 0px;">\r\n						<span style="font-size:12px;">(đ&atilde; k&yacute;)</span></p>\r\n					<p align="center" style="margin: 0px; padding: 0px;">\r\n						&nbsp;</p>\r\n					<p align="center" style="margin: 0px; padding: 0px;">\r\n						&nbsp;</p>\r\n					<p align="center" style="margin: 0px; padding: 0px;">\r\n						<span style="font-size:12px;"><strong style="margin: 0px; padding: 0px;">PGS.TS Trần Văn Nam</strong></span></p>\r\n				</td>\r\n			</tr>\r\n		</tbody>\r\n	</table>\r\n</div>\r\n<p>\r\n	&nbsp;</p>\r\n', '2013-11-13', '2013-11-13', 0),
(6, 0, 12, 'Thông báo: Nghỉ học và phòng chống siêu bão số 14 – Haiyan', 'thong-bao-nghi-hoc-va-phong-chong-sieu-bao-so-14-haiyan', 1, 0, '/img/images/haiyan1-4993-1383876915.jpg', 'Theo Trung tâm Dự báo khí tượng Thủy văn Trung ương, lúc 13 giờ chiều nay 7-11, vị trí tâm bão ở vào khoảng 9,3 độ Vĩ Bắc; 131,1 độ Kinh Đông, cách đảo Mindanao (Philippines) khoảng 520 km về phía Đông. Sức gió mạnh nhất ở vùng gần tâm bão mạnh cấp 17 (tức là từ 202 đến 221 km một giờ), giật trên cấp 17. Dự báo trong 24 giờ tới, bão di chuyển nhanh theo hướng giữa Tây và Tây Tây Bắc, mỗi giờ đi được khoảng 30 - 35 km.', '<p style="margin: 0cm 0cm 0.0001pt; padding: 0px; color: rgb(51, 51, 51); font-family: Tahoma, Arial, sans-serif; line-height: 18px; text-align: justify;">\r\n	<span style="font-size: 10pt; line-height: 19px; font-family: Arial, sans-serif;">Theo Trung t&acirc;m Dự b&aacute;o kh&iacute; tượng Thủy văn Trung ương, l&uacute;c 13 giờ chiều nay 7-11, vị tr&iacute; t&acirc;m b&atilde;o ở v&agrave;o khoảng 9,3 độ Vĩ Bắc; 131,1 độ Kinh Đ&ocirc;ng, c&aacute;ch đảo Mindanao (Philippines) khoảng 520 km về ph&iacute;a Đ&ocirc;ng. Sức gi&oacute; mạnh nhất ở v&ugrave;ng gần t&acirc;m b&atilde;o mạnh cấp 17 (tức l&agrave; từ 202 đến 221 km một giờ), giật tr&ecirc;n cấp 17. Dự b&aacute;o trong 24 giờ tới, b&atilde;o di chuyển nhanh theo hướng giữa T&acirc;y v&agrave; T&acirc;y T&acirc;y Bắc, mỗi giờ đi được khoảng 30 - 35 km.</span></p>\r\n<p style="margin: 0cm 0cm 0.0001pt; padding: 0px; color: rgb(51, 51, 51); font-family: Tahoma, Arial, sans-serif; line-height: 18px; text-align: center;">\r\n	<img alt="" src="/app/webroot/img/images/haiyan1-4993-1383876915.jpg" style="width: 500px; height: 332px;" /></p>\r\n<p style="margin: 0cm 0cm 0.0001pt; padding: 0px; color: rgb(51, 51, 51); font-family: Tahoma, Arial, sans-serif; line-height: 18px; text-align: justify;">\r\n	<span style="font-size: 10pt; line-height: 19px; font-family: Arial, sans-serif;">Đến 13 giờ ng&agrave;y 8-11, vị tr&iacute; t&acirc;m b&atilde;o ở v&agrave;o khoảng 11,5 độ Vĩ Bắc; 123,4 độ Kinh Đ&ocirc;ng, tr&ecirc;n khu vực miền Trung Philippines. Sức gi&oacute; mạnh nhất v&ugrave;ng gần t&acirc;m b&atilde;o mạnh cấp 16, cấp 17 (tức l&agrave; từ 184 đến 221 km một giờ), giật tr&ecirc;n cấp 17.<br />\r\n	Trưởng Ban chỉ đạo ph&ograve;ng chống lụt b&atilde;o Trung ương, Bộ trưởng Bộ N&ocirc;ng nghiệp v&agrave; Ph&aacute;t triển n&ocirc;ng th&ocirc;n Cao Đức Ph&aacute;t đặc biệt lưu &yacute;, si&ecirc;u b&atilde;o Haiyan l&agrave; cơn b&atilde;o mạnh nhất trong v&ograve;ng 10 năm gần đ&acirc;y, b&atilde;o hiện đang ở cấp 17 v&agrave; di chuyển rất nhanh. Dự b&aacute;o sẽ đổ bộ v&agrave;o đất liền c&aacute;c tỉnh miền Trung trong khoảng thời gian từ tối ng&agrave;y 10 đến rạng s&aacute;ng ng&agrave;y 11-11. Khi v&agrave;o bờ, b&atilde;o ở cấp 12 đến 13, giật cấp 14 đến 15.<br />\r\n	Si&ecirc;u b&atilde;o Haiyan, diễn biến phức tạp, khả năng ảnh hưởng đến th&agrave;nh phố Đ&agrave; Nẵng l&agrave; rất lớn. C&aacute;c trường th&agrave;nh vi&ecirc;n, đơn vị trực thuộc cần quyết liệt triển khai c&aacute;c biện ph&aacute;p ứng ph&oacute; si&ecirc;u b&atilde;o, đảm bảo an to&agrave;n t&iacute;nh mạng cho CBVC v&agrave; HSSV, giảm thiểu thấp nhất thiệt hại về t&agrave;i sản trước, trong v&agrave; sau b&atilde;o. Trước mắt, Đại học Đ&agrave; Nẵng y&ecirc;u cầu c&aacute;c trường th&agrave;nh vi&ecirc;n, đơn vị trực thuộc nghi&ecirc;m t&uacute;c, khẩn trương thực hiện c&aacute;c c&ocirc;ng việc sau đ&acirc;y:</span></p>\r\n<p style="margin: 0cm 0cm 0.0001pt 1cm; padding: 0px; color: rgb(51, 51, 51); font-family: Tahoma, Arial, sans-serif; line-height: 18px; text-align: justify;">\r\n	<strong><span style="font-size: 10pt; line-height: 19px; font-family: Arial, sans-serif;">1. T<span style="font-family: ''times new roman'', times, serif; font-size: 12pt;">rường Đại học B&aacute;ch khoa th&ocirc;ng b&aacute;o nghỉ học v&agrave; thi từ s&aacute;ng ng&agrave;y thứ Bảy 09/11/2013 để ph&ograve;ng chống b&atilde;o Haiyan.</span></span></strong></p>\r\n<p style="margin: 0cm 0cm 0.0001pt 1cm; padding: 0px; color: rgb(51, 51, 51); font-family: Tahoma, Arial, sans-serif; line-height: 18px; text-align: justify;">\r\n	<span style="font-size: 10pt; line-height: 19px; font-family: Arial, sans-serif;">2. Lập phương &aacute;n sơ t&aacute;n HSSV đang tr&uacute; ở c&aacute;c ph&ograve;ng trọ kh&ocirc;ng ki&ecirc;n cố b&ecirc;n ngo&agrave;i nh&agrave; trường v&agrave;o tr&uacute; ở những nơi ki&ecirc;n cố như k&yacute; t&uacute;c x&aacute;, giảng đường,&hellip; b&ecirc;n trong nh&agrave; trường để tr&aacute;nh tr&uacute; b&atilde;o.<br />\r\n	3. Ban ph&ograve;ng chống thi&ecirc;n tai của đơn vị gấp r&uacute;t cử c&aacute;n bộ xuống c&aacute;c địa điểm xung yếu (giảng đường, nh&agrave; xưởng, k&yacute; t&uacute;c x&aacute;, ph&ograve;ng l&agrave;m việc, ph&ograve;ng th&iacute; nghiệm, ph&ograve;ng m&aacute;y t&iacute;nh, thư viện, nh&agrave; tập thể dục thể thao, v.v&hellip;) của đơn vị kiểm tra, đ&ocirc;n đốc triển khai c&aacute;c phương &aacute;n ph&ograve;ng chống b&atilde;o (đặc biệt kiểm tra kỹ c&aacute;c cửa sổ, cửa ra v&agrave;o, c&aacute;c v&aacute;ch nh&ocirc;m k&iacute;nh, m&aacute;i t&ocirc;n, v.v&hellip;); huy động lực lượng, cơ sở vật chất, phương tiện kỹ thuật sẵn s&agrave;ng ứng ph&oacute; với c&aacute;c t&igrave;nh huống phức tạp xảy ra.<br />\r\n	4. Theo d&otilde;i s&aacute;t t&igrave;nh h&igrave;nh diễn biến của si&ecirc;u b&atilde;oHaiyan, phối hợp chặt chẽ với lực lượng ph&ograve;ng chống lụt b&atilde;o v&agrave; t&igrave;m kiếm cứu nạn địa phương v&agrave; Đại học Đ&agrave; Nẵng, kịp thời ứng ph&oacute; với c&aacute;c t&igrave;nh huống phức tạp xảy ra.<br />\r\n	5. Thực hiện nghi&ecirc;m t&uacute;c chế độ th&ocirc;ng tin, b&aacute;o c&aacute;o nhanh về Đại học Đ&agrave; Nẵng (qua số điện thoại của &ocirc;ng L&ecirc; Th&agrave;nh Bắc, Ch&aacute;nh Văn ph&ograve;ng: 0913423178); đặc biệt khi c&oacute; c&aacute;c sự cố bất thường.</span></p>\r\n<p align="center" style="margin: 0cm 0cm 0.0001pt; padding: 0px; color: rgb(51, 51, 51); font-family: Tahoma, Arial, sans-serif; line-height: 18px; text-align: center;">\r\n	<strong>GI&Aacute;M ĐỐC</strong></p>\r\n<p align="center" style="margin: 0cm 0cm 0.0001pt; padding: 0px; color: rgb(51, 51, 51); font-family: Tahoma, Arial, sans-serif; line-height: 18px; text-align: center;">\r\n	&nbsp;(đ&atilde; k&yacute;)</p>\r\n<p align="center" style="margin: 0cm 0cm 0.0001pt; padding: 0px; color: rgb(51, 51, 51); font-family: Tahoma, Arial, sans-serif; line-height: 18px; text-align: center;">\r\n	<strong>PGS.TS Trần Văn Nam</strong></p>\r\n', '2013-11-13', '2013-11-13', 0),
(7, 0, 12, 'Hình ảnh về Đại tướng Võ Nguyên Giáp với trường Đại học Bách khoa', 'hinh-anh-ve-dai-tuong-vo-nguyen-giap-voi-truong-dai-hoc-bach-khoa', 1, 0, '/img/images/buttich_3.jpg', 'Sinh thời, Bác Đại tướng Võ Nguyên Giáp đặc biệt quan tâm đến Trường Đại học Bách khoa - Đại học Đà Nẵng, không chỉ Đại tướng sinh ra trên mãnh đât miền Trung thân yêu mà còn mong muốn đến sự phát triển nền giáo dục nước nhà.', '<p style="text-align: center;">\r\n	<span style="color: rgb(51, 51, 51); text-align: justify; font-size: 10pt; line-height: 19px; font-family: Arial, sans-serif;">Sinh thời,&nbsp;</span><span style="color: rgb(51, 51, 51); text-align: justify; font-size: 10pt; line-height: 19px; font-family: Arial, sans-serif;">B&aacute;c&nbsp;</span><span style="color: rgb(51, 51, 51); text-align: justify; font-size: 10pt; line-height: 19px; font-family: Arial, sans-serif;">Đại tướng V&otilde; Nguy&ecirc;n Gi&aacute;p đặc biệt quan t&acirc;m đến Trường Đại học B&aacute;ch khoa - Đại học Đ&agrave; Nẵng, kh&ocirc;ng chỉ Đại tướng sinh ra tr&ecirc;n m&atilde;nh đ&acirc;t miền Trung th&acirc;n y&ecirc;u m&agrave; c&ograve;n mong muốn đến sự ph&aacute;t triển nền gi&aacute;o dục nước nh&agrave;.<img alt="" src="/app/webroot/img/images/buttich_2.jpg" style="width: 600px; height: 409px;" /></span></p>\r\n<p style="text-align: center;">\r\n	<strong style="color: rgb(51, 51, 51); font-family: Tahoma, Arial, sans-serif; line-height: 18px;"><i><span style="font-size: 10pt; line-height: 19px; font-family: Arial, sans-serif;">B&aacute;c Đại tướng V&otilde; Nguy&ecirc;n Gi&aacute;p lưu lại những b&uacute;t t&iacute;ch tại ph&ograve;ng truyền thống</span></i></strong></p>\r\n<p>\r\n	<span style="color: rgb(51, 51, 51); text-align: justify; font-size: 10pt; line-height: 19px; font-family: Arial, sans-serif;">Năm 1982, trong chuyến thăm trường Đại học B&aacute;ch khoa b&aacute;c Đại tướng&nbsp;</span><span style="color: rgb(51, 51, 51); text-align: justify; font-size: 10pt; line-height: 19px; font-family: Arial, sans-serif;">V&otilde; Nguy&ecirc;n Gi&aacute;p</span><span style="color: rgb(51, 51, 51); text-align: justify; font-size: 10pt; line-height: 19px; font-family: Arial, sans-serif;">&nbsp;đ&atilde; viết những d&ograve;ng chữ nhắn nhủ đến CBVC, đến nay những d&ograve;ng chữ ấy như một kỷ vật thi&ecirc;ng li&ecirc;ng &ldquo;<strong><i>Ch&uacute;c trường Đại học B&aacute;ch khoa Đ&agrave; Nẵng ra sức phấn đấu giảng dạy tốt, nghi&ecirc;n cứu khoa học tốt, kết hợp l&yacute; luận với thực tiễn trở th&agrave;nh một trong những trường đại học kiểu mẫu của ng&agrave;nh Đại học nước nh&agrave;</i></strong>&rdquo;.</span></p>\r\n<p style="text-align: center;">\r\n	<span style="color: rgb(51, 51, 51); text-align: justify; font-size: 10pt; line-height: 19px; font-family: Arial, sans-serif;"><img alt="" src="/app/webroot/img/images/buttich_1.jpg" style="width: 600px; height: 905px;" /></span></p>\r\n<p style="text-align: center;">\r\n	<strong style="color: rgb(51, 51, 51); font-family: Tahoma, Arial, sans-serif; line-height: 18px;"><i><span style="font-size: 10pt; line-height: 19px; font-family: Arial, sans-serif;">B&uacute;t t&iacute;ch của B&aacute;c Đại tướng V&otilde; Nguy&ecirc;n Gi&aacute;p</span></i></strong></p>\r\n<p style="text-align: center;">\r\n	<strong style="color: rgb(51, 51, 51); font-family: Tahoma, Arial, sans-serif; line-height: 18px;"><i><span style="font-size: 10pt; line-height: 19px; font-family: Arial, sans-serif;"><img alt="" src="/app/webroot/img/images/buttich_3.jpg" style="width: 600px; height: 918px;" /></span></i></strong></p>\r\n<p style="text-align: center;">\r\n	<strong style="color: rgb(51, 51, 51); font-family: Tahoma, Arial, sans-serif; line-height: 18px;"><i><span style="font-size: 10pt; line-height: 19px; font-family: Arial, sans-serif;">B&aacute;c Đại tướng V&otilde; Nguy&ecirc;n Gi&aacute;p đi thăm c&aacute;c ph&ograve;ng th&iacute; nghiệm, năm 1986</span></i></strong></p>\r\n<p>\r\n	<span style="color: rgb(51, 51, 51); text-align: justify; font-size: 10pt; line-height: 19px; font-family: Arial, sans-serif;">Để&nbsp;</span><span style="color: rgb(51, 51, 51); text-align: justify; font-size: 10pt; line-height: 19px; font-family: Arial, sans-serif;">thể hiện t&igrave;nh cảm, l&ograve;ng tiếc thương v&ocirc; hạn của to&agrave;n thể CBVC v&agrave; sinh vi&ecirc;n&nbsp;</span><span style="color: rgb(51, 51, 51); text-align: justify; font-size: 10pt; line-height: 19px; font-family: Arial, sans-serif;">đối với B&aacute;c&nbsp;</span><span style="color: rgb(51, 51, 51); text-align: justify; font-size: 10pt; line-height: 19px; font-family: Arial, sans-serif;">Đại tướng V&otilde; Nguy&ecirc;n Gi&aacute;p,</span><span style="color: rgb(51, 51, 51); text-align: justify; font-size: 10pt; line-height: 19px; font-family: Arial, sans-serif;">&nbsp;v&agrave;o l&uacute;c 6 giờ 30 ng&agrave;y 13/10/2013, trường Đại học B&aacute;ch khoa sẽ tổ chức Lễ tưởng niệm</span><span style="color: rgb(51, 51, 51); text-align: justify; font-size: 10pt; line-height: 19px; font-family: Arial, sans-serif;">&nbsp;B&aacute;c Đại tướng V&otilde; Nguy&ecirc;n Gi&aacute;p&nbsp;</span><span style="color: rgb(51, 51, 51); text-align: justify; font-size: 10pt; line-height: 19px; font-family: Arial, sans-serif;">tại Hội trường khu F.</span></p>\r\n', '2013-11-13', '2013-11-13', 0),
(8, 0, 12, 'Chiến dịch tình nguyện hè của Đoàn trường Đại học Bách khoa năm 2013', 'chien-dich-tinh-nguyen-he-cua-doan-truong-dai-hoc-bach-khoa-nam-2013', 1, 0, '/img/images/tnh2013_1.jpg', 'Chương trình chiến dịch tình nguyện hè của Đoàn trường Đại học Bách khoa tổ chức với sự tham gia của hơn 120 bạn sinh viên và 16 giảng viên của các khoa, diễn ra từ ngày 12 đến ngày 26/07/2013 tại Xã Hòa Phú-Huyện Hòa Vang-Thành phố Đà nẵng đã thành công tốt đẹp.', '<p>\r\n	Chương tr&igrave;nh chiến dịch t&igrave;nh nguyện h&egrave; của Đo&agrave;n trường Đại học B&aacute;ch khoa tổ chức với sự tham gia của hơn 120 bạn sinh vi&ecirc;n v&agrave; 16 giảng vi&ecirc;n của c&aacute;c khoa, diễn ra từ ng&agrave;y 12 đến ng&agrave;y 26/07/2013 tại X&atilde; H&ograve;a Ph&uacute;-Huyện H&ograve;a Vang-Th&agrave;nh phố Đ&agrave; nẵng đ&atilde; th&agrave;nh c&ocirc;ng tốt đẹp.</p>\r\n<p>\r\n	Thực hiện sự chỉ đạo của Đo&agrave;n Đại học Đ&agrave; Nẵng v&agrave; Đảng Ủy - Ban Gi&aacute;m hiệu Trường Đại học B&aacute;ch khoa về việc &ldquo;Tổ chức chiến dịch t&igrave;nh nguyện h&egrave; năm 2013&rdquo;, Ban thường vụ Đo&agrave;n trường Đại học B&aacute;ch khoa đ&atilde; tổ chức chương tr&igrave;nh Chung sức v&igrave; cộng đồng với chủ đề&nbsp;<em>&ldquo;Tuổi trẻ trường Đại học B&aacute;ch khoa chung tay x&acirc;y dựng n&ocirc;ng th&ocirc;n mới&rdquo;</em>&nbsp;với hơn 136 t&igrave;nh nguyện vi&ecirc;n l&agrave; sinh vi&ecirc;n đang theo học tại trường v&agrave; c&aacute;c thầy c&ocirc; giảng vi&ecirc;n tại c&aacute;c khoa.</p>\r\n<p>\r\n	<span style="color: rgb(51, 51, 51); font-family: Arial, sans-serif; font-size: 13px; line-height: 19px; text-align: justify; text-indent: 48px;">Chiến dịch M&ugrave;a h&egrave; xanh t&igrave;nh nguyện của Đo&agrave;n trường Đại học B&aacute;ch khoa đ&atilde; nhận được sự quan t&acirc;m chỉ đạo từ ban l&atilde;nh đạo x&atilde; H&ograve;a Ph&uacute;, L&atilde;nh đạo Huyện ủy H&ograve;a Vang, Huyện Đo&agrave;n, X&atilde; Đo&agrave;n X&atilde; H&ograve;a Ph&uacute;, Ban gi&aacute;m đốc Đại học Đ&agrave; Nẵng, PGS. TS. Ng&ocirc; Văn Dưỡng &ndash; Ph&oacute; GĐ ĐHĐN, PGS. TS L&ecirc; Kim H&ugrave;ng - Hiệu trưởng trường ĐHBK, BTV Đo&agrave;n ĐH Đ&agrave; Nẵng đ&atilde; đại diện đến thăm hỏi, động vi&ecirc;n v&agrave; tặng qu&agrave; cho c&aacute;c bạn sinh vi&ecirc;n T&igrave;nh nguyện trong thời gian diễn ra chiến dịch. Ban chỉ đạo chiến dịch xin ch&acirc;n th&agrave;nh cảm ơn sự quan t&acirc;m chu đ&aacute;o v&agrave; kịp thời của qu&yacute; cấp L&atilde;nh Đạo v&agrave; sự chỉ đạo s&acirc;u s&aacute;t để chiến dịch t&igrave;nh nguyện h&egrave; của trường ĐH B&aacute;ch Khoa diễn ra th&agrave;nh c&ocirc;ng tốt đẹp.</span></p>\r\n<p style="text-align: center;">\r\n	<span style="color: rgb(51, 51, 51); font-family: Arial, sans-serif; font-size: 13px; line-height: 19px; text-align: justify; text-indent: 48px;"><img alt="" src="/app/webroot/img/images/tnh2013_2.jpg" style="width: 600px; height: 375px;" /></span></p>\r\n<p>\r\n	Chương tr&igrave;nh đ&atilde; diễn ra từ ng&agrave;y 12 đến ng&agrave;y 26 th&aacute;ng 7 năm 2013 tại Địa b&agrave;n x&atilde; H&ograve;a Ph&uacute; &ndash; Huyện H&ograve;a Vang &ndash; Th&agrave;nh phố Đ&agrave; Nẵng với c&aacute;c nội dung sau:</p>\r\n<p>\r\n	-&nbsp;&nbsp;&nbsp;&nbsp;&nbsp;&nbsp;&nbsp;&nbsp;&nbsp;&nbsp;Tham gia l&agrave;m đường B&ecirc; t&ocirc;ng n&ocirc;ng th&ocirc;n với chiều d&agrave;i 250m, bề rộng 5m v&agrave; d&agrave;y 18 cm. Sinh vi&ecirc;n Trường Đại học B&aacute;ch khoa đ&atilde; tham gia đ&oacute;ng g&oacute;p được hơn 1000 ng&agrave;y c&ocirc;ng với khối lượng c&ocirc;ng việc l&agrave; trộn đổ được hơn 225m<sup>3</sup>&nbsp;b&ecirc; t&ocirc;ng đường giao th&ocirc;ng.</p>\r\n<p>\r\n	-&nbsp;&nbsp;&nbsp;&nbsp;&nbsp;&nbsp;&nbsp;&nbsp;&nbsp;&nbsp;Tham gia ph&aacute;t quang bề mặt đập Hố Cau với chiều d&agrave;i hơn 600m ở hai b&ecirc;n bề mặt đập, đảm bảo việc dưỡng hộ mặt đ&ecirc; của Đập hố cau v&agrave; tr&aacute;nh x&oacute;i lở v&agrave;o m&ugrave;a mưa lũ do rễ c&acirc;y tạo hốc b&ecirc;n trong th&acirc;n đ&ecirc;.</p>\r\n<p>\r\n	-&nbsp;&nbsp;&nbsp;&nbsp;&nbsp;&nbsp;&nbsp;&nbsp;&nbsp;&nbsp;Tham gia nạo v&eacute;t gần 2km k&ecirc;nh mương nội đồng, đem nước tưới hiệu quả cho ruộng l&uacute;a tại th&ocirc;n Hội Phước.</p>\r\n<p>\r\n	Trong thời gian diễn ra chiến dịch, c&aacute;c t&igrave;nh nguyện vi&ecirc;n đ&atilde; được x&atilde; bố tr&iacute; chỗ ở tại Trường tiểu học H&ograve;a Ph&uacute; 1 &ndash; th&ocirc;n Hội Phước &ndash; X&atilde; H&ograve;a Ph&uacute;. Với đặc th&ugrave; l&agrave; x&atilde; miền n&uacute;i c&oacute; d&acirc;n số gần 5000 người, ri&ecirc;ng th&ocirc;n Hội Phước c&oacute; 170 hộ với hơn 700 nh&acirc;n khẩu. Diện t&iacute;ch đất của th&ocirc;n Hội Phước khoảng 137ha, trong đ&oacute; gần 37 ha l&agrave; đất trồng Hoa m&agrave;u v&agrave; hơn 100 ha l&agrave; đất rừng đồi chủ yếu trồng c&acirc;y c&ocirc;ng nghiệp (Keo l&aacute; tr&agrave;m). Ban chỉ huy chiến dịch M&ugrave;a h&egrave; xanh trường Đại học B&aacute;ch khoa đ&atilde; tổ chức đội sinh vi&ecirc;n&nbsp;&nbsp;thực hiện c&ocirc;ng t&aacute;c d&acirc;n vận cho b&agrave; con tr&uacute; tại th&ocirc;n Hội Phước. C&ocirc;ng việc cụ thể như sau:</p>\r\n<p>\r\n	-&nbsp;&nbsp;&nbsp;&nbsp;&nbsp;&nbsp;&nbsp;&nbsp;&nbsp;&nbsp;Tổ chức dạy h&egrave; v&agrave; &ocirc;n tập h&egrave; cho hơn 50 em thiếu nhi c&oacute; độ tuổi từ 5 đến 13 tuổi với nhiều nh&oacute;m lớp.</p>\r\n<p>\r\n	-&nbsp;&nbsp;&nbsp;&nbsp;&nbsp;&nbsp;&nbsp;&nbsp;&nbsp;&nbsp;C&ugrave;ng với c&aacute;c bạn sinh vi&ecirc;n Singapore, Tổ chức dạy tiếng Anh cho c&aacute;c em thiếu nhi v&agrave; hướng dẫn c&aacute;c em thiếu nhi những kỹ năng cần thiết trong việc bảo vệ bản th&acirc;n trước c&aacute;c h&agrave;nh vi x&acirc;m hại t&igrave;nh dục, c&aacute;c nguy cơ rủi ro khi vui chơi trong thời gian nghỉ h&egrave;.</p>\r\n<p>\r\n	-&nbsp;&nbsp;&nbsp;&nbsp;&nbsp;&nbsp;&nbsp;&nbsp;&nbsp;&nbsp;Tham gia sửa chữa hơn 80m đường ống nước sinh hoạt cho gia đ&igrave;nh c&oacute; ho&agrave;n cảnh kh&oacute; khăn.</p>\r\n<p>\r\n	-&nbsp;&nbsp;&nbsp;&nbsp;&nbsp;&nbsp;&nbsp;&nbsp;&nbsp;&nbsp;Tham gia chương tr&igrave;nh giao lưu lửa trại với thanh ni&ecirc;n th&ocirc;n, chủ đề &ldquo;Hoạt động h&egrave; cho c&aacute;c em thiếu nhi&rdquo;.</p>\r\n<p>\r\n	-&nbsp;&nbsp;&nbsp;&nbsp;&nbsp;&nbsp;&nbsp;&nbsp;&nbsp;&nbsp;Tổ chức tổng kết v&agrave; tặng qu&agrave; cho c&aacute;c em thiếu nhi đ&atilde; tham gia lớp học của tổ d&acirc;n vận. Đồng thời giới thiệu với c&aacute;c bạn sinh vi&ecirc;n v&agrave; b&agrave; con n&ocirc;ng th&ocirc;n những nội dung đ&atilde; hướng dẫn cho c&aacute;c em, c&aacute;c tiết mục văn nghệ, tr&igrave;nh diễn thời trang do c&aacute;c em thiếu nhi tr&igrave;nh b&agrave;y.</p>\r\n', '2013-11-13', '2013-11-13', 0),
(9, 0, 12, 'NGÀY HỘI VIỆC LÀM CÔNG TY DELL & INTEL', 'ngay-hoi-viec-lam-cong-ty-dell-intel', 1, 0, '', 'Được sự ủy nhiệm của Công ty Dell & Công ty Intel Việt Nam, công ty Metan sẽ phối hợp với trường Đại học Bách khoa tổ chức chương trình “ Ngày Hội Việc Làm” tại trường Đại học Bách khoa – Đại học Đà Nẵng.', '<p>\r\n	Được sự ủy nhiệm của C&ocirc;ng ty Dell &amp; C&ocirc;ng ty Intel Việt Nam, c&ocirc;ng ty Metan sẽ phối hợp với trường Đại học B&aacute;ch khoa tổ chức chương tr&igrave;nh &ldquo; Ng&agrave;y Hội Việc L&agrave;m&rdquo; tại trường Đại học B&aacute;ch khoa &ndash; Đại học Đ&agrave; Nẵng.</p>\r\n<p>\r\n	<strong>Thời gian: Từ 07h30 đến 18h00 ng&agrave;y 10/05/2013 (thứ 6).</strong></p>\r\n<p>\r\n	<strong>Địa điểm: Tại Hội trường khu F - Trường Đại Học B&aacute;ch Khoa &ndash; ĐH Đ&agrave; Nẵng</strong></p>\r\n<p>\r\n	&nbsp;</p>\r\n<p>\r\n	<strong><u>Nội dung chương tr&igrave;nh:</u></strong></p>\r\n<p>\r\n	- Giới thiệu c&aacute;c ng&agrave;nh nghề đ&agrave;o tạo, c&aacute;c sản phẩm đ&agrave;o tạo của trường đến với c&aacute;c doanh nghiệp, c&aacute;c nh&agrave; tuyển dụng.</p>\r\n<p>\r\n	- Trang bị những kỹ năng cần thiết v&agrave; định hướng nghề nghiệp cho sinh vi&ecirc;n.</p>\r\n<p>\r\n	- Tạo cơ hội nghề nghiệp cho c&aacute;c bạn sinh vi&ecirc;n&nbsp;&nbsp;sau khi tốt nghiệp, tăng khả năng tìm ki&ecirc;́m việc l&agrave;m của sinh vi&ecirc;n. Tạo đi&ecirc;̀u ki&ecirc;̣n t&ocirc;́t nh&acirc;́t để c&aacute;c bạn sinh vi&ecirc;n c&oacute; thể tiếp x&uacute;c với c&aacute;c nh&agrave; tuyển dụng. Đồng thời chuẩn bị h&agrave;nh trang bước v&agrave;o cuộc sống sau khi ra trường.</p>\r\n<p>\r\n	- Lắng nghe &yacute; kiến của Doanh nghiệp về những kinh nghiệm thực tế, giới thiệu m&ocirc;i trường l&agrave;m việc, c&aacute;c hoạt động của doanh nghiệp v&agrave; nhu cầu tuyển dụng tới sinh vi&ecirc;n.</p>\r\n<p>\r\n	- Đặt nền m&oacute;ng v&agrave; từng bước tạo lập mối quan hệ bền vững giữa nh&agrave; trường - doanh nghiệp - cơ quan truyền th&ocirc;ng trong việc n&acirc;ng cao chất lượng đ&agrave;o tạo, đ&aacute;p ứng y&ecirc;u cầu của x&atilde; hội, tạo cơ hội việc l&agrave;m cho sinh vi&ecirc;n.</p>\r\n<p>\r\n	- Tạo điều kiện thuận lợi cho c&aacute;c Doanh nghiệp c&oacute; thể lựa chọn được nguồn nh&acirc;n lực tốt nhất. Đ&acirc;y cũng l&agrave; dịp để nh&agrave; trường v&agrave; doanh nghiệp c&oacute; cơ hội trao đổi th&ocirc;ng tin với nhau trong vấn đề đ&agrave;o tạo v&agrave; nhu cầu nguồn nh&acirc;n lực.</p>\r\n<p>\r\n	<strong><u>&nbsp;I. H&igrave;nh thức tổ chức &amp; nội dung chi tiết chương tr&igrave;nh:&nbsp;&nbsp;&nbsp;&nbsp;&nbsp;&nbsp;&nbsp;&nbsp;&nbsp;&nbsp;&nbsp;</u></strong></p>\r\n<p>\r\n	- Khu 1 : Hội trường - Chương tr&igrave;nh tư vấn,thuyết tr&igrave;nh về kỹ năng, tuyển dụng, giao lưu với diễn giả, văn nghệ tại hội trường</p>\r\n<p>\r\n	- Giao lưu với c&aacute;c cựu sinh vi&ecirc;n th&agrave;nh đạt của trường để c&ugrave;ng chia sẻ những kinh nghiệm thực tiễn, những b&agrave;i học vượt qua kh&oacute; khăn, những con đường đi tới th&agrave;nh c&ocirc;ng &hellip;</p>\r\n<p>\r\n	- Khu 2 : S&acirc;n trường (b&ecirc;n ngo&agrave;i hội trường ) &ndash; Trưng b&agrave;y sản phẩm của c&aacute;c doanh nghiệp/đại l&yacute; c&ugrave;ng với những chương tr&igrave;nh khuyến m&atilde;i hấp dẫn, gi&aacute; ưu đ&atilde;i d&agrave;nh cho sinh vi&ecirc;n.</p>\r\n<p>\r\n	- Doanh nghiệp tư vấn trực tiếp cho từng c&aacute; nh&acirc;n để gi&uacute;p c&aacute;c bạn sinh vi&ecirc;n trang bị&nbsp;&nbsp;những kiến thức cần thiết để viết&nbsp;&nbsp;được một bộ hồ sơ xin việc hiệu quả cũng như những kinh nghiệm để vượt qua v&ograve;ng phỏng vấn tuyển dụng.</p>\r\n<p>\r\n	- Khu 3 : Sinh vi&ecirc;n c&oacute; cơ hội được tư vấn v&agrave; định hướng trực tiếp với c&aacute;c chuy&ecirc;n gia trong nước v&agrave; địa phương v&agrave; được tham gia thử th&aacute;ch tuyển dụng với doanh nghiệp</p>\r\n<p>\r\n	&nbsp;</p>\r\n<p>\r\n	<strong><u>II. Chương tr&igrave;nh tư vấn trực tiếp:</u></strong></p>\r\n<p>\r\n	Thời gian: 8h00 &ndash; 17h00 ng&agrave;y 10/05/2013</p>\r\n<p>\r\n	Địa điểm: Khu tư vấn tuyển dụng</p>\r\n<p>\r\n	Nội dung: tư vấn nghề nghiệp,đ&iacute;nh hướng, trang bị, việc l&agrave;m trực tiếp với c&aacute;c doanh nghiệp trong nước v&agrave; địa phương</p>\r\n<p>\r\n	&nbsp;</p>\r\n<p>\r\n	<strong>Mọi th&ocirc;ng tin chi tiết về chương tr&igrave;nh c&oacute; thể li&ecirc;n hệ:</strong></p>\r\n<p>\r\n	C&ocirc; Nguyễn Thị Khả H&acirc;n &ndash; Ph&ograve;ng phụ tr&aacute;ch kh&aacute;ch h&agrave;ng</p>\r\n<p>\r\n	Điện thoại: 08-38258310 &ndash; ĐTDĐ :&nbsp;&nbsp;0962 19 20 21</p>\r\n<p>\r\n	Email:&nbsp;&nbsp;&nbsp;<a href="mailto:han.nguyen@metanvietnam.com">han.nguyen@metanvietnam.com</a></p>\r\n', '2013-11-13', '2013-11-13', 0),
(10, 0, 12, 'Hội trại Kỷ niệm 82 năm ngày thành lập Đoàn Thanh niên Cộng sản Hồ Chí Minh', 'hoi-trai-ky-niem-82-nam-ngay-thanh-lap-doan-thanh-nien-cong-san-ho-chi-minh', 1, 0, '/img/images/hoitrai2013_3.jpg', 'Hòa trong không khí của những ngày tháng 3 lịch sử, Đoàn trường Đại học Bách khoa, Đại học Đà Nẵng đã tổ chức hội trại Kỷ niệm 82 năm ngày thành lập Đoàn Thanh niên Cộng sản Hồ Chí Minh (26.03.1931 – 26.03.2013) với chủ đề:” Sinh viên Đại học Bách Khoa với Quê hương, Đất nước” cho hơn 2000 sinh viên là Đoàn viên, thanh niên của 15 Liên Chi Đoàn Trực', '<p>\r\n	H&ograve;a trong kh&ocirc;ng kh&iacute; của những ng&agrave;y th&aacute;ng 3 lịch sử, Đo&agrave;n trường Đại học B&aacute;ch khoa, Đại học Đ&agrave; Nẵng đ&atilde; tổ chức hội trại Kỷ niệm 82 năm ng&agrave;y th&agrave;nh lập Đo&agrave;n Thanh ni&ecirc;n Cộng sản Hồ Ch&iacute; Minh (26.03.1931 &ndash; 26.03.2013) với chủ đề:&rdquo; Sinh vi&ecirc;n Đại học B&aacute;ch Khoa với Qu&ecirc; hương, Đất nước&rdquo; cho hơn 2000 sinh vi&ecirc;n l&agrave; Đo&agrave;n vi&ecirc;n, thanh ni&ecirc;n của 15 Li&ecirc;n Chi Đo&agrave;n Trực thuộc với mục đ&iacute;ch: Gi&aacute;o dục truyền thống vẻ vang của Đảng, của d&acirc;n tộc v&agrave; của Đo&agrave;n TNCS Hồ Ch&iacute; Minh, khơi dậy niềm tự h&agrave;o, ph&aacute;t huy vai tr&ograve; tr&aacute;ch nhiệm của tuổi trẻ, học tập v&agrave; l&agrave;m theo lời B&aacute;c dạy. Tạo s&acirc;n chơi cho ĐVTN c&aacute;c khoa giao lưu, gặp gỡ thắt chặt t&igrave;nh đo&agrave;n kết giữa c&aacute;c li&ecirc;n chi, trao đổi, r&egrave;n luyện về kỹ năng nghiệp vụ về c&ocirc;ng t&aacute;c Đo&agrave;n, c&ocirc;ng t&aacute;c Hội sinh vi&ecirc;n.</p>\r\n<p style="text-align: center;">\r\n	<img alt="" src="/app/webroot/img/images/hoitrai2013_1.jpg" style="width: 600px; height: 377px;" /></p>\r\n<p style="text-align: center;">\r\n	<strong style="color: rgb(51, 51, 51); font-family: Tahoma, Arial, sans-serif; line-height: 18px;"><em><span style="font-size: 10pt; line-height: 19px; font-family: Arial, sans-serif;">C&aacute;c thầy trong BGH Nh&agrave; trường tham dự buổi lễ khai mạc hội trại</span></em></strong></p>\r\n<p>\r\n	Hội trại được tổ chức tại C&ocirc;ng vi&ecirc;n 29.03 từ ng&agrave;y 22 đến ng&agrave;y 24.03.2013 với c&aacute;c chương tr&igrave;nh: Tổ chức cắm trại, giao lưu văn nghệ v&agrave; c&aacute;c tr&ograve; chơi sinh hoạt trại. Đồng thời, Ban tổ chức hội trại kết hợp tổ chức đ&ecirc;m chung kết cho c&aacute;c chương tr&igrave;nh Ch&agrave;o mừng Ng&agrave;y th&agrave;nh lập Đo&agrave;n TNCS HCM của Đo&agrave;n trường Đại học B&aacute;ch Khoa trong th&aacute;ng ba ch&agrave;o mừng ng&agrave;y th&agrave;nh lập Đo&agrave;n như: Theo D&ograve;ng Lịch sử, H&aacute;t về Việt Nam Đất nước con người.</p>\r\n<p>\r\n	C&aacute;c hoạt động tổ chức cụm trại v&agrave; dựng lều trại bắt đầu từ trưa ng&agrave;y 22.03 được c&aacute;c Li&ecirc;n chi đo&agrave;n khoa tiến h&agrave;nh theo sự ph&acirc;n c&ocirc;ng đất trại v&agrave; tổ chức Cụm trại.</p>\r\n<p>\r\n	Lễ khai mạc trại diễn ra l&uacute;c 19h00 ng&agrave;y 22.03.2013. Về dự buổi lễ khai mạc Về ph&iacute;a Đại học Đ&agrave; Nẵng, c&oacute; đồng ch&iacute; Nguyễn Đức Tiến &ndash; B&iacute; thư Đo&agrave;n trường ĐH Đ&agrave; Nẵng, Về ph&iacute;a trường ĐH B&aacute;ch Khoa c&oacute; PGS. TS L&ecirc; Kim H&ugrave;ng &ndash; Hiệu trưởng nh&agrave; trường, TS Trương Ho&agrave;i Ch&iacute;nh &ndash; Ph&oacute; Hiệu trưởng, Chủ tịch c&ocirc;ng Đo&agrave;n trường, c&aacute;c đồng ch&iacute; trong BTV Đảng Ủy trường, C&aacute;c thầy c&ocirc; Trưởng ph&oacute; c&aacute;c ph&ograve;ng ban v&agrave; c&aacute;c Khoa của nh&agrave; trường, c&ugrave;ng hơn 300 sinh vi&ecirc;n đại diện cho c&aacute;c cụm trại tham gia buổi lễ khai mạc.</p>\r\n<p style="text-align: center;">\r\n	<img alt="" src="/app/webroot/img/images/hoitrai2013_2.jpg" style="width: 600px; height: 349px;" /></p>\r\n<p style="text-align: center;">\r\n	<strong style="color: rgb(51, 51, 51); font-family: Tahoma, Arial, sans-serif; line-height: 18px;"><em><span style="font-size: 10pt; line-height: 19px; font-family: Arial, sans-serif;">Hoạt động tr&ograve; chơi lớn, diễn ra từ 00h00 ng&agrave;y 24.03 đến 08h00 c&ugrave;ng ng&agrave;y với chủ đề: </span></em></strong></p>\r\n<p style="text-align: center;">\r\n	<strong style="color: rgb(51, 51, 51); font-family: Tahoma, Arial, sans-serif; line-height: 18px;"><em><span style="font-size: 10pt; line-height: 19px; font-family: Arial, sans-serif;">Sinh vi&ecirc;n với biển đảo qu&ecirc; hương.</span></em></strong></p>\r\n<p>\r\n	<span style="color: rgb(51, 51, 51); font-family: Arial, sans-serif; font-size: 13px; line-height: 19px; text-align: justify;">rong đợt trại với chủ đề &ldquo;&nbsp;</span><strong style="color: rgb(51, 51, 51); font-family: Arial, sans-serif; font-size: 13px; line-height: 19px; text-align: justify;"><em>Sinh vi&ecirc;n Đại học B&aacute;ch khoa với Qu&ecirc; hương Đất nước</em></strong><span style="color: rgb(51, 51, 51); font-family: Arial, sans-serif; font-size: 13px; line-height: 19px; text-align: justify;">&rdquo; n&agrave;y, Đo&agrave;n trường cũng đ&atilde; ph&aacute;t động tham gia phong tr&agrave;o &ldquo; G&oacute;p đ&aacute; x&acirc;y dựng Trường Sa &ndash; Ho&agrave;ng Sa&rdquo; do B&aacute;o Tuổi Trẻ tổ chức. C&aacute;c Đo&agrave;n vi&ecirc;n thanh ni&ecirc;n l&agrave; sinh vi&ecirc;n của c&aacute;c Li&ecirc;n chi đo&agrave;n khoa đ&atilde; huy động v&agrave; đ&oacute;ng g&oacute;p được số tiền đ&oacute;ng g&oacute;p l&agrave; 10 Triệu đồng v&agrave; xem đ&acirc;y l&agrave; một ti&ecirc;u ch&iacute;, mục đ&iacute;ch m&agrave; c&aacute;c đo&agrave;n vi&ecirc;n tham gia hội trại mong muốn được đ&oacute;ng g&oacute;p một phần nhỏ của m&igrave;nh trong c&ocirc;ng t&aacute;c x&acirc;y dựng v&agrave; bảo vệ bi&ecirc;n cương biển đảo của tổ quốc.</span></p>\r\n<p>\r\n	<span style="color: rgb(51, 51, 51); font-family: Arial, sans-serif; font-size: 13px; line-height: 19px; text-align: justify;">Hội trại đ&atilde; diễn ra với kh&ocirc;ng kh&iacute; s&ocirc;i nổi c&ugrave;ng nhiều nội dung thi được chia th&agrave;nh hai phần: Hoạt động tr&ograve; chơi Nhỏ v&agrave; tr&ograve; chơi lớn của Trại Trung ương; v&agrave; c&aacute;c hoạt động tập thể, tr&ograve; chơi nhỏ của Trại Cụm. Đa số c&aacute;c sinh vi&ecirc;n xem đ&acirc;y l&agrave; dịp sinh hoạt ngoại kh&oacute;a, để c&ugrave;ng nhau vui chơi, chia sẻ v&agrave; học hỏi lẫn nhau c&aacute;c kỹ năng sống, kỹ năng hoạt động đo&agrave;n hội.</span></p>\r\n<p style="text-align: center;">\r\n	<span style="color: rgb(51, 51, 51); font-family: Arial, sans-serif; font-size: 13px; line-height: 19px; text-align: justify;"><img alt="" src="/app/webroot/img/images/hoitrai2013_3.jpg" style="width: 600px; height: 398px;" /></span></p>\r\n<p style="text-align: center;">\r\n	<strong style="color: rgb(51, 51, 51); font-family: Tahoma, Arial, sans-serif; line-height: 18px;"><em><span style="font-size: 10pt; line-height: 19px; font-family: Arial, sans-serif;">Tr&ograve; chơi Li&ecirc;n ho&agrave;n v&agrave; tr&ograve; chơi K&eacute;o co trong đợt trại</span></em></strong></p>\r\n<p>\r\n	ội trại bế mạc v&agrave;o trưa ng&agrave;y 24.03.2013, Giải Nhất To&agrave;n Đo&agrave;n thuộc về Li&ecirc;n chi đo&agrave;n Khoa X&acirc;y dựng cầu đường, Hai giải nh&igrave; đồng hạng thuộc về: V&agrave; 2 giải ba đồng hạng:&hellip;</p>\r\n<p>\r\n	Xin hẹn gặp c&aacute;c bạn v&agrave;o Hội trại truyền thống Đại học Đ&agrave; Nẵng 2014.</p>\r\n', '2013-11-13', '2013-11-13', 0);
INSERT INTO `posts` (`id`, `user_id`, `category_id`, `title`, `alias`, `is_active`, `ordering`, `thumbnail`, `sumary`, `content`, `created`, `modified`, `view_count`) VALUES
(11, 0, 12, '10 bí quyết học tập hiệu quả', '10-bi-quyet-hoc-tap-hieu-qua', 1, 0, '/img/images/5.jpg', 'Tại sao có người học kém? Tại sao có người học giỏi? Thực ra học kém hay giỏi không phải là bản chất, mà phần nhiều là do họ chưa biết đâu là những bí quyết cần thiết để học giỏi mà thôi.', '<p align="justify" style="margin: 3px 0px; padding: 3px 0px; text-align: justify; color: rgb(0, 0, 0); line-height: 18px; font-size: 13px; font-family: arial, tahoma, verdana;">\r\n	<span style="font-size:14px;">Tại sao c&oacute; người học k&eacute;m? Tại sao c&oacute; người học giỏi? Thực ra học k&eacute;m hay giỏi kh&ocirc;ng phải l&agrave; bản chất, m&agrave; phần nhiều l&agrave; do họ chưa biết đ&acirc;u l&agrave; những b&iacute; quyết cần thiết để học giỏi m&agrave; th&ocirc;i.</span></p>\r\n<p style="margin: 3px 0px; padding: 3px 0px; color: rgb(0, 0, 0); line-height: 18px; font-size: 13px; font-family: arial, tahoma, verdana; text-align: center;">\r\n	<span style="font-size:14px;"><img alt="" src="/app/webroot/img/images/5.jpg" style="width: 290px; height: 174px;" /></span></p>\r\n<p align="justify" style="margin: 3px 0px; padding: 3px 0px; text-align: justify; color: rgb(0, 0, 0); line-height: 18px; font-size: 13px; font-family: arial, tahoma, verdana;">\r\n	<span style="margin: 0px; padding: 0px; font-size: 16px; font-family: ''Times New Roman''; text-align: left; line-height: 20px;">1. Chọn thời điểm v&agrave; kh&ocirc;ng gian y&ecirc;n tĩnh.</span></p>\r\n<p align="justify" style="margin: 0px 0px 19px; padding: 0px; text-align: justify; color: rgb(0, 0, 0); font-size: 16px; font-family: ''Times New Roman''; line-height: 20px;">\r\n	Bạn cần một kh&ocirc;ng gian y&ecirc;n tĩnh, tr&aacute;nh ồn &agrave;o như vậy bạn sẽ dễ d&agrave;ng tập trung hơn. N&ecirc;n&nbsp;ngồi gần cửa sổ, c&agrave;ng tiếp x&uacute;c với &aacute;nh s&aacute;ng tự nhi&ecirc;n v&agrave; luồng kh&ocirc;ng kh&iacute; lưu th&ocirc;ng đều trong ph&ograve;ng.</p>\r\n<p align="justify" style="margin: 3px 0px; padding: 3px 0px; text-align: justify; color: rgb(0, 0, 0); line-height: 18px; font-size: 13px; font-family: arial, tahoma, verdana;">\r\n	<span style="margin: 0px; padding: 0px; font-size: 16px; font-family: ''Times New Roman''; text-align: left; line-height: 20px;">2. Học buổi s&aacute;ng l&agrave; tốt nhất. Kh&ocirc;ng thức đ&ecirc;m nhiều, nhất l&agrave; trước kỳ thi.</span></p>\r\n<p align="justify" style="margin: 0px 0px 19px; padding: 0px; text-align: justify; color: rgb(0, 0, 0); font-size: 16px; font-family: ''Times New Roman''; line-height: 20px;">\r\n	X&aacute;c định thời điểm học cũng rất quan trọng. Khả năng lao động tr&iacute; &oacute;c của con người tăng dần từ s&aacute;ng sớm tới gần trưa, sau đ&oacute; giảm dần - sau bữa ăn trưa n&ecirc;n c&oacute; ngủ trưa ch&uacute;t &iacute;t từ 20-30 ph&uacute;t cũng được. Hiệu suất học buổi trưa c&ograve;n cao hơn buổi s&aacute;ng, đặc biệt đối với những m&ocirc;n học kh&oacute;.</p>\r\n<p align="justify" style="margin: 0px 0px 19px; padding: 0px; text-align: justify; color: rgb(0, 0, 0); font-size: 16px; font-family: ''Times New Roman''; line-height: 20px;">\r\n	Buổi chiều c&oacute; hơi giảm v&agrave;o giờ ăn tối. Sau đ&oacute;, dường như c&oacute; một chu kỳ mới v&agrave; khả năng tr&iacute; &oacute;c lại tăng dần cho tới khoảng 21 giờ, sau đ&oacute; lại giảm. Kh&ocirc;ng n&ecirc;n thức sau 22 giờ - v&igrave; đầu &oacute;c sau một ng&agrave;y l&agrave;m việc dường như đ&atilde; b&atilde;o h&ograve;a, kh&ocirc;ng c&ograve;n tiếp thu th&ecirc;m được nữa. L&uacute;c rời b&agrave;n học, c&aacute;c bạn c&oacute; thể lật qua, lướt mau những d&ograve;ng đầu của c&aacute;c b&agrave;i đ&atilde; &ocirc;n từ đầu để x&aacute;c định m&igrave;nh đ&atilde; học được tới đ&acirc;u. L&agrave;m như vậy cũng tựa như m&igrave;nh gởi tất cả v&agrave;o tiềm thức bộ nhớ trước khi đưa n&atilde;o v&agrave;o giấc ngủ.</p>\r\n<p align="justify" style="margin: 3px 0px; padding: 3px 0px; text-align: justify; color: rgb(0, 0, 0); line-height: 18px; font-size: 13px; font-family: arial, tahoma, verdana;">\r\n	<span style="margin: 0px; padding: 0px; font-size: 16px; font-family: ''Times New Roman''; text-align: left; line-height: 20px;">3. Ngủ kh&ocirc;ng đủ sẽ l&agrave;m n&atilde;o bộ hoạt động k&eacute;m hơn b&igrave;nh thường.</span></p>\r\n<p align="justify" style="margin: 0px 0px 19px; padding: 0px; text-align: justify; color: rgb(0, 0, 0); font-size: 16px; font-family: ''Times New Roman''; line-height: 20px;">\r\n	Trung b&igrave;nh ch&uacute;ng ta cần ngủ khoảng 8 tiếng một ng&agrave;y, nhiều nhất l&agrave; về đ&ecirc;m, để cho ấn tượng ng&agrave;y h&ocirc;m trước dịu nhạt, những ấn tượng ng&agrave;y mới chưa h&igrave;nh th&agrave;nh, s&aacute;ng sớm tỉnh dậy c&oacute; một bộ &oacute;c &quot;mới tinh&quot;, c&oacute; khả năng hoạt động tốt nhất. Vả lại, c&oacute; ngủ được say th&igrave; trong giấc ngủ v&agrave;o giai đoạn c&oacute; giấc mơ, cũng l&agrave; l&uacute;c m&agrave; c&aacute;c k&iacute;ch th&iacute;ch tố tăng trưởng được tiết ra gi&uacute;p ch&uacute;ng m&igrave;nh mau lớn th&ecirc;m nữa.</p>\r\n<p align="justify" style="margin: 3px 0px; padding: 3px 0px; text-align: justify; color: rgb(0, 0, 0); line-height: 18px; font-size: 13px; font-family: arial, tahoma, verdana;">\r\n	<span style="margin: 0px; padding: 0px; font-size: 16px; font-family: ''Times New Roman''; text-align: left; line-height: 20px;">4. Đặt ra mục ti&ecirc;u v&agrave; cố gắng hết sức ho&agrave;n th&agrave;nh mục ti&ecirc;u đ&oacute;.</span></p>\r\n<p align="justify" style="margin: 0px 0px 19px; padding: 0px; text-align: justify; color: rgb(0, 0, 0); font-size: 16px; font-family: ''Times New Roman''; line-height: 20px;">\r\n	- Theo quy luật 90/10, cứ 10 ph&uacute;t bạn bỏ ra để lập kế hoạch th&igrave; bạn sẽ tiết kiệm được 90% thời gian ho&agrave;n th&agrave;nh v&agrave; hiệu quả c&ocirc;ng việc. - Từ b&acirc;y giờ bạn h&atilde;y lấy một tờ giấy v&agrave; x&aacute;c định lại mục ti&ecirc;u&nbsp;luyện thi đại học của m&igrave;nh:</p>\r\n<p align="justify" style="margin: 0px 0px 19px; padding: 0px; text-align: justify; color: rgb(0, 0, 0); font-size: 16px; font-family: ''Times New Roman''; line-height: 20px;">\r\n	+ Bạn định thi đỗ trường n&agrave;o?</p>\r\n<p align="justify" style="margin: 0px 0px 19px; padding: 0px; text-align: justify; color: rgb(0, 0, 0); font-size: 16px; font-family: ''Times New Roman''; line-height: 20px;">\r\n	+ Số điểm dự kiến l&agrave; bao nhi&ecirc;u?</p>\r\n<p align="justify" style="margin: 0px 0px 19px; padding: 0px; text-align: justify; color: rgb(0, 0, 0); font-size: 16px; font-family: ''Times New Roman''; line-height: 20px;">\r\n	+ Bạn thực sự muốn chiến thắng?</p>\r\n<p align="justify" style="margin: 0px 0px 19px; padding: 0px; text-align: justify; color: rgb(0, 0, 0); font-size: 16px; font-family: ''Times New Roman''; line-height: 20px;">\r\n	- Sau đ&oacute; bạn h&atilde;y l&ecirc;n lịch cho từng c&ocirc;ng việc cụ thể để tiến tới mục ti&ecirc;u đ&oacute;. C&oacute; ai đ&oacute; đ&atilde; n&oacute;i rằng ch&uacute;ng ta kh&ocirc;ng bao giờ c&oacute; đủ thời gian để l&agrave;m tất cả mọi việc, nhưng lu&ocirc;n c&oacute; đủ để l&agrave;m những việc quan trọng nhất.</p>\r\n<p align="justify" style="margin: 0px 0px 19px; padding: 0px; text-align: justify; color: rgb(0, 0, 0); font-size: 16px; font-family: ''Times New Roman''; line-height: 20px;">\r\n	Mỗi ng&agrave;y bạn đừng tham lam l&agrave;m hết tất cả mọi việc, &ocirc;n hết tất cả c&aacute;c m&ocirc;n m&agrave; h&atilde;y lập ra một bảng ưu ti&ecirc;n c&aacute;c m&ocirc;n v&agrave; kế hoạch &ocirc;n từng ng&agrave;y.</p>\r\n<p align="justify" style="margin: 0px 0px 19px; padding: 0px; text-align: justify; color: rgb(0, 0, 0); font-size: 16px; font-family: ''Times New Roman''; line-height: 20px;">\r\n	Khi bạn thi đại học, đương nhi&ecirc;n c&aacute;c m&ocirc;n thi đại học vẫn l&agrave; ưu ti&ecirc;n h&agrave;ng đầu, nhưng bạn cũng đừng c&oacute; bỏ qu&aacute; nhiều thời gian v&agrave;o đ&oacute;. Khoa học đ&atilde; chứng minh rằng, nếu bạn học một m&ocirc;n li&ecirc;n tục qu&aacute; 45 ph&uacute;t th&igrave; khả năng nhớ sẽ giảm rất nhanh trong thời gian sau đ&oacute;.</p>\r\n<p align="justify" style="margin: 0px 0px 19px; padding: 0px; text-align: justify; color: rgb(0, 0, 0); font-size: 16px; font-family: ''Times New Roman''; line-height: 20px;">\r\n	T&oacute;m lại bạn h&atilde;y l&ecirc;n một c&aacute;i lịch cụ thể cho h&agrave;ng ng&agrave;y, h&agrave;ng tuần, h&agrave;ng th&aacute;ng, v&agrave;i th&aacute;ng. Định ra việc g&igrave; l&agrave; quan trọng hơn th&igrave; l&agrave;m trước.</p>\r\n<p align="justify" style="margin: 3px 0px; padding: 3px 0px; text-align: justify; color: rgb(0, 0, 0); line-height: 18px; font-size: 13px; font-family: arial, tahoma, verdana;">\r\n	<span style="margin: 0px; padding: 0px; font-size: 16px; font-family: ''Times New Roman''; text-align: left; line-height: 20px;">5. Tập trung cao độ trong khoảng 1 tiếng rồi nghỉ giải lao, tr&aacute;nh ngồi l&igrave; 3-4 tiếng li&ecirc;n tục.</span></p>\r\n<p align="justify" style="margin: 0px 0px 19px; padding: 0px; text-align: justify; color: rgb(0, 0, 0); font-size: 16px; font-family: ''Times New Roman''; line-height: 20px;">\r\n	Thời gian học hiệu quả thường khoảng 45 ph&uacute;t sau đ&oacute; h&atilde;y nghỉ ngơi thư gi&atilde;n một ch&uacute;t. V&agrave; nếu bạn cảm thấy qu&ecirc;n kiến thức th&igrave; cũng đừng c&oacute; cố gắng qu&aacute; để nhớ lại n&oacute; l&agrave;m g&igrave; cả. Nguy&ecirc;n tắc của học hiệu quả l&agrave; phải để cho đầu &oacute;c thư gi&atilde;n, rồi tự kiến thức n&oacute; sẽ về. Nếu bạn muốn &ocirc;n lại b&agrave;i th&igrave; h&atilde;y &ocirc;n lại sau đ&oacute; 10 ph&uacute;t, rồi 1 ng&agrave;y, rồi 1 tuần, v&agrave; một th&aacute;ng.</p>\r\n<p align="justify" style="margin: 3px 0px; padding: 3px 0px; text-align: justify; color: rgb(0, 0, 0); line-height: 18px; font-size: 13px; font-family: arial, tahoma, verdana;">\r\n	<span style="margin: 0px; padding: 0px; font-size: 16px; font-family: ''Times New Roman''; text-align: left; line-height: 20px;">6. D&ugrave;ng phương ph&aacute;p ghi nhớ hiệu quả như sơ đồ Mind map</span></p>\r\n<p align="justify" style="margin: 0px 0px 19px; padding: 0px; text-align: justify; color: rgb(0, 0, 0); font-size: 16px; font-family: ''Times New Roman''; line-height: 20px;">\r\n	L&agrave;m sao để nhớ cả bảng hệ thống tuần ho&agrave;n? Nhớ tất cả c&aacute;c sự kiện lịch sử trong s&aacute;ch? Bạn h&atilde;y thực hiện theo c&aacute;ch sau:</p>\r\n<p align="justify" style="margin: 0px 0px 19px; padding: 0px; text-align: justify; color: rgb(0, 0, 0); font-size: 16px; font-family: ''Times New Roman''; line-height: 20px;">\r\n	-&nbsp;<span style="margin: 0px; padding: 0px; font-size: 10pt; font-family: arial, tahoma, verdana;">Ghi th&agrave;nh d&agrave;n b&agrave;i:</span></p>\r\n<p align="justify" style="margin: 0px 0px 19px; padding: 0px; text-align: justify; color: rgb(0, 0, 0); font-size: 16px; font-family: ''Times New Roman''; line-height: 20px;">\r\n	-&nbsp;<span style="margin: 0px; padding: 0px; font-size: 10pt; font-family: arial, tahoma, verdana;">Nhẩm trong &oacute;c:</span></p>\r\n<p align="justify" style="margin: 0px 0px 19px; padding: 0px; text-align: justify; color: rgb(0, 0, 0); font-size: 16px; font-family: ''Times New Roman''; line-height: 20px;">\r\n	-&nbsp;<span style="margin: 0px; padding: 0px; font-size: 10pt; font-family: arial, tahoma, verdana;">Ghi ra giấy:</span>&nbsp;&nbsp;</p>\r\n<p align="justify" style="margin: 0px 0px 19px; padding: 0px; text-align: justify; color: rgb(0, 0, 0); font-size: 16px; font-family: ''Times New Roman''; line-height: 20px;">\r\n	Nhất l&agrave; những c&ocirc;ng thức, những định l&yacute;, định đề. Khi ghi, bạn chỉ t&oacute;m tắt phần quan trọng, sao cho khi mở trang giấy ra nhắc nhở lại bạn hệ thống b&agrave;i học bằng tr&iacute; nhớ m&agrave; kh&ocirc;ng cần mở s&aacute;ch.</p>\r\n<p align="justify" style="margin: 0px 0px 19px; padding: 0px; text-align: justify; color: rgb(0, 0, 0); font-size: 16px; font-family: ''Times New Roman''; line-height: 20px;">\r\n	Tr&aacute;nh ghi rườm r&agrave;, dư thừa, vừa mất thời gan v&ocirc; &iacute;ch m&agrave; lại ph&iacute; sức. N&oacute;i chung l&agrave;m thế n&agrave;o để bạn c&oacute; thể tổng hợp c&aacute;c phương ph&aacute;p (nhẩm nhớ - ghi ch&eacute;p - v&agrave; lập d&agrave;n b&agrave;i) sao cho tạo được điều kiện để bạn đọc b&agrave;i mau thuộc đ&oacute; l&agrave; đ&iacute;ều quan trọng nhất.</p>\r\n<p align="justify" style="margin: 0px 0px 19px; padding: 0px; text-align: justify; color: rgb(0, 0, 0); font-size: 16px; font-family: ''Times New Roman''; line-height: 20px;">\r\n	N&ecirc;n cố gắng tập trung v&agrave;o những kiến thức cơ bản. Khối kiến thức n&agrave;y thường tập trung ở một số mảng, v&iacute; dụ: kh&aacute;i niệm, giả thuyết, quy luật, l&yacute; luận...</p>\r\n<p align="justify" style="margin: 0px 0px 19px; padding: 0px; text-align: justify; color: rgb(0, 0, 0); font-size: 16px; font-family: ''Times New Roman''; line-height: 20px;">\r\n	Khi học, cần hiểu r&otilde; bản chất của vấn đề, &nbsp;phải x&aacute;c định c&aacute;c đặc điểm, c&aacute;ch thức vận dụng những kh&aacute;i niệm, quy luật, l&yacute; thuyết... trong việc giải quyết những vấn đề cụ thể. Từ đ&oacute;, y&ecirc;u cầu tiếp theo l&agrave; phải luyện tập để h&igrave;nh th&agrave;nh kỹ năng giải quyết vấn đề (đề thi cũng l&agrave; một dạng vấn đề cụ thể cần giải quyết).</p>\r\n<p align="justify" style="margin: 0px 0px 19px; padding: 0px; text-align: justify; color: rgb(0, 0, 0); font-size: 16px; font-family: ''Times New Roman''; line-height: 20px;">\r\n	C&oacute; hai dạng: vận dụng theo mẫu v&agrave; vận dụng một c&aacute;ch s&aacute;ng tạo, linh hoạt<strong style="margin: 0px; padding: 0px; font-size: 10pt; font-family: arial, tahoma, verdana;">.</strong>&nbsp;Khi &ocirc;n, n&ecirc;n ch&uacute; &yacute; vận dụng theo cả hai tuyến:</p>\r\n<p align="justify" style="margin: 0px 0px 19px; padding: 0px; text-align: justify; color: rgb(0, 0, 0); font-size: 16px; font-family: ''Times New Roman''; line-height: 20px;">\r\n	- Theo chiều dọc: trong phạm vi c&ugrave;ng loại vấn đề, c&ugrave;ng chuy&ecirc;n m&ocirc;n, lĩnh vực...</p>\r\n<p align="justify" style="margin: 0px 0px 19px; padding: 0px; text-align: justify; color: rgb(0, 0, 0); font-size: 16px; font-family: ''Times New Roman''; line-height: 20px;">\r\n	- Theo chiều ngang: trong phạm vi những chương mục, m&ocirc;n học kh&aacute;c nhau nhưng c&oacute; li&ecirc;n quan đến nhau... Sau khi đ&atilde; học xong l&yacute; thuyết, n&ecirc;n tự đặt ra những c&acirc;u hỏi li&ecirc;n quan đến nội dung &ocirc;n thi để kiểm tra tr&igrave;nh độ của m&igrave;nh. Đ&oacute; cũng l&agrave; một c&aacute;ch để nhớ l&acirc;u v&agrave; tạo cơ sở để tăng dung lượng tr&iacute; nhớ l&agrave;m việc (working memory).</p>\r\n<p align="justify" style="margin: 3px 0px; padding: 3px 0px; text-align: justify; color: rgb(0, 0, 0); line-height: 18px; font-size: 13px; font-family: arial, tahoma, verdana;">\r\n	<span style="margin: 0px; padding: 0px; font-size: 16px; font-family: ''Times New Roman''; text-align: left; line-height: 20px;">7. Tận dụng cả 2 b&aacute;n cầu n&atilde;o để đạt hiệu quả tối đa.</span></p>\r\n<p align="justify" style="margin: 0px 0px 19px; padding: 0px; text-align: justify; color: rgb(0, 0, 0); font-size: 16px; font-family: ''Times New Roman''; line-height: 20px;">\r\n	Tại sao c&oacute; người học k&eacute;m? Tại sao c&oacute; người học giỏi? Thực ra học k&eacute;m hay giỏi kh&ocirc;ng phải l&agrave; bản chất, m&agrave; phần nhiều l&agrave; do họ chưa biết c&aacute;ch điều khiển bộ n&atilde;o của m&igrave;nh m&agrave; th&ocirc;i. N&atilde;o bạn c&oacute; 2 b&aacute;n cầu, n&atilde;o tr&aacute;i chủ yếu cho tư duy logic, ng&ocirc;n ngữ c&ograve;n n&atilde;o phải l&agrave; cho tưởng tượng h&igrave;nh ảnh.</p>\r\n<p align="justify" style="margin: 0px 0px 19px; padding: 0px; text-align: justify; color: rgb(0, 0, 0); font-size: 16px; font-family: ''Times New Roman''; line-height: 20px;">\r\n	Từ trước đến giờ người ta dạy c&aacute;c bạn l&agrave; đa số t&aacute;c động v&agrave;o n&atilde;o tr&aacute;i, tức l&agrave; giảng to&agrave;n chữ n&ecirc;n trong giờ học, n&atilde;o phải của bạn kh&ocirc;ng c&oacute; việc l&agrave;m, cứ tưởng tượng m&ocirc;ng lung dẫn đến kh&ocirc;ng tập trung g&igrave; cả. V&igrave; vậy, muốn học hiệu quả ch&uacute;ng ta phải t&igrave;m c&aacute;ch vận dụng cả 2 n&atilde;o của m&igrave;nh. Một phương ph&aacute;p đơn giản nhất gi&uacute;p học c&aacute;c m&ocirc;n học thuộc dễ hơn cả ch&iacute;nh l&agrave; tưởng tượng. Từ b&acirc;y giờ bạn h&atilde;y t&igrave;m c&aacute;ch tưởng tượng thật nhiều v&agrave;o.</p>\r\n<p align="justify" style="margin: 3px 0px; padding: 3px 0px; text-align: justify; color: rgb(0, 0, 0); line-height: 18px; font-size: 13px; font-family: arial, tahoma, verdana;">\r\n	<span style="margin: 0px; padding: 0px; font-size: 16px; font-family: ''Times New Roman''; text-align: left; line-height: 20px;">8. Hạn chế nghe nhạc trong khi học. Trừ nhạc Baroque.</span></p>\r\n<p align="justify" style="margin: 0px 0px 19px; padding: 0px; text-align: justify; color: rgb(0, 0, 0); font-size: 16px; font-family: ''Times New Roman''; line-height: 20px;">\r\n	Nếu c&oacute; thể, bạn h&atilde;y t&igrave;m loại nhạc Baroque để l&agrave;m nền khi học. Người ta n&oacute;i rằng loại nhạc n&agrave;y c&oacute; thể r&uacute;t ngắn thời gian học tiếng anh hiệu quả từ 3 năm xuống c&ograve;n 3 th&aacute;ng. Bạn c&oacute; nghe thử 1 bản nhạc Baroque dưới đ&acirc;y được tr&iacute;ch trong bản giao hưởng Bốn m&ugrave;a của Vivaldi.Tất nhi&ecirc;n nếu bạn l&agrave; một người &quot;nhạy cảm&quot; với &acirc;m thanh khi học thấy kh&ocirc;ng hiệu quả hoặc kh&ocirc;ng tập trung được th&igrave; tốt nhất kh&ocirc;ng n&ecirc;n nghe loại nhạc n&agrave;o hết.</p>\r\n<p align="justify" style="margin: 3px 0px; padding: 3px 0px; text-align: justify; color: rgb(0, 0, 0); line-height: 18px; font-size: 13px; font-family: arial, tahoma, verdana;">\r\n	<span style="margin: 0px; padding: 0px; font-size: 16px; font-family: ''Times New Roman''; text-align: left; line-height: 20px;">9. Kh&ocirc;ng học khi vừa ăn xong.</span></p>\r\n<p align="justify" style="margin: 0px 0px 19px; padding: 0px; text-align: justify; color: rgb(0, 0, 0); font-size: 16px; font-family: ''Times New Roman''; line-height: 20px;">\r\n	&quot;Căng da bụng, ch&ugrave;ng da mắt&quot;, điều n&agrave;y khỏi phải b&agrave;n c&atilde;i nữa nhỉ.</p>\r\n<p align="justify" style="margin: 3px 0px; padding: 3px 0px; text-align: justify; color: rgb(0, 0, 0); line-height: 18px; font-size: 13px; font-family: arial, tahoma, verdana;">\r\n	<span style="margin: 0px; padding: 0px; font-size: 16px; font-family: ''Times New Roman''; text-align: left; line-height: 20px;">10. Kết hợp giải lao vận động nhẹ nh&agrave;ng như đi dạo, đạp xe, chơi Wii&hellip;</span></p>\r\n<p align="justify" style="margin: 0px 0px 19px; padding: 0px; text-align: justify; color: rgb(0, 0, 0); font-size: 16px; font-family: ''Times New Roman''; line-height: 20px;">\r\n	Những ph&uacute;t giải lao n&agrave;y c&oacute; mục đ&iacute;ch l&agrave;m thư gi&atilde;n thần kinh, tr&iacute; &oacute;c. N&ecirc;n đi đi, lại lại, giải tr&iacute; bằng tr&ograve; chơi nhẹ nh&agrave;ng, vui vẻ, tr&aacute;nh vận động nhiều v&agrave; mạnh.</p>\r\n<p align="right" style="margin: 3px 0px; padding: 3px 0px; text-align: justify; color: rgb(0, 0, 0); line-height: 18px; font-size: 13px; font-family: arial, tahoma, verdana;">\r\n	<strong style="margin: 0px; padding: 0px; font-size: 10pt;"><em style="margin: 0px; padding: 0px; font-size: 10pt;"><span style="margin: 0px; padding: 0px; font-size: 16px; font-family: ''Times New Roman''; line-height: 20px;">Theo&nbsp;</span>Hoa Học Tr&ograve;</em></strong></p>\r\n<p align="right" style="margin: 3px 0px; padding: 3px 0px; text-align: justify; color: rgb(0, 0, 0); line-height: 18px; font-size: 13px; font-family: arial, tahoma, verdana;">\r\n	<strong style="margin: 0px; padding: 0px; font-size: 10pt;"><em style="margin: 0px; padding: 0px; font-size: 10pt;">Nguồn: Dantri.com.vn</em></strong></p>\r\n', '2013-11-13', '2013-11-13', 0),
(12, 0, 12, 'Đừng xé sách lịch sử nữa các bạn nhé!', 'dung-xe-sach-lich-su-nua-cac-ban-nhe', 1, 0, '/img/images/2.jpg', '(Dân trí) - Một đoạn video vừa được tung lên mạng, đưa hình ảnh hàng trăm học sinh của một trường THPT tại TPHCM xé đề cương môn lịch sử và hò reo sung sướng khi được thông báo năm nay môn học này không thi tốt nghiệp THPT.', '<div>\r\n	<div>\r\n		(D&acirc;n tr&iacute;) - Một đoạn video vừa được tung l&ecirc;n mạng, đưa h&igrave;nh ảnh h&agrave;ng trăm học sinh của một trường THPT tại TPHCM x&eacute; đề cương m&ocirc;n lịch sử v&agrave; h&ograve; reo sung sướng khi được th&ocirc;ng b&aacute;o năm nay m&ocirc;n học n&agrave;y kh&ocirc;ng thi tốt nghiệp THPT.</div>\r\n	<div style="text-align: center;">\r\n		<img alt="" src="/app/webroot/img/images/2.jpg" style="width: 338px; height: 247px;" /></div>\r\n	<div>\r\n		&nbsp;</div>\r\n	<div align="center">\r\n		<span style="color: rgb(96, 96, 96); font-family: arial, tahoma, verdana; font-size: 13px; font-weight: bold; line-height: 18px; text-align: justify;">Xem đoạn video m&agrave; ruột thắt, m&agrave; buồn đến n&atilde;o l&ograve;ng. Đề cương m&ocirc;n lịch sử bị x&eacute; n&aacute;t, vứt th&agrave;nh một đống r&aacute;c trắng x&oacute;a s&acirc;n trường. C&oacute; thể c&aacute;c bạn trong một l&uacute;c bột ph&aacute;t, bắt chước nhau thực hiện một h&agrave;nh động thiếu suy nghĩ. Nhưng c&oacute; thể h&agrave;nh động đ&oacute; c&oacute; nguy&ecirc;n nh&acirc;n s&acirc;u xa, đ&oacute; l&agrave; ch&aacute;n gh&eacute;t m&ocirc;n lịch sử.</span></div>\r\n	<div>\r\n		<p align="justify">\r\n			Đ&atilde; bao m&ugrave;a thi rồi, lịch sử vẫn l&agrave; m&ocirc;n thi nhiều điểm 0 v&agrave; nhiều điểm k&eacute;m nhất. Mặc d&ugrave; người đứng đầu ng&agrave;nh gi&aacute;o dục từng ph&aacute;t biểu điểm 0 m&ocirc;n lịch sử nhiều l&agrave; chuyện b&igrave;nh thường, nhưng thực ra l&agrave; rất kh&ocirc;ng b&igrave;nh thường.</p>\r\n		<p align="justify">\r\n			&nbsp;</p>\r\n		<p align="justify">\r\n			<span id="ctl00_IDContent_BlogDetail1_ltrContent">Thử đi t&igrave;m nguy&ecirc;n nh&acirc;n v&igrave; sao học sinh ch&aacute;n gh&eacute;t m&ocirc;n lịch sử, chỉ khi t&igrave;m đ&uacute;ng nguy&ecirc;n nh&acirc;n mới c&oacute; thể trị liệu được. Lịch sử l&agrave; m&ocirc;n học hấp dẫn, th&uacute; vị, gi&agrave;u kiến thức, phong ph&uacute; cảm x&uacute;c, nhưng c&aacute;c em nuốt kh&ocirc;ng tr&ocirc;i.</span></p>\r\n		<p align="justify">\r\n			&nbsp;</p>\r\n		<p align="justify">\r\n			<span id="ctl00_IDContent_BlogDetail1_ltrContent">C&oacute; lẽ l&agrave; do ch&uacute;ng ta dạy lịch sử với ti&ecirc;u ch&iacute; định sẵn, ta lu&ocirc;n thắng, địch to&agrave;n thua. Ta vĩ đại c&ograve;n địch tầm thường. Trận n&agrave;o ta cũng thắng, địch chạy d&agrave;i, ta thu được nhiều chiến lợi phẩm, đếm rất nhiều x&aacute;c qu&acirc;n th&ugrave;&hellip;</span></p>\r\n		<p align="justify">\r\n			&nbsp;</p>\r\n		<p align="justify">\r\n			<span id="ctl00_IDContent_BlogDetail1_ltrContent">Kh&ocirc;ng! Lịch sử kh&ocirc;ng chỉ c&oacute; h&agrave;o h&ugrave;ng m&agrave; c&ograve;n bi tr&aacute;ng, kh&ocirc;ng chỉ c&oacute; thắng lợi m&agrave; c&ograve;n thất bại, kh&ocirc;ng chỉ c&oacute; hạnh ph&uacute;c m&agrave; mu&ocirc;n triệu đắng cay. Để c&oacute; chiến thắng qu&acirc;n Minh, d&acirc;n Đại Việt phải trả gi&aacute; nhiều năm l&agrave;m n&ocirc; lệ cho giặc phương Bắc: &ldquo;Nướng d&acirc;n đen tr&ecirc;n ngọn lửa hung t&agrave;n - V&ugrave;i con đỏ xuống dưới hầm tai vạ&rdquo; (B&igrave;nh Ng&ocirc; đại c&aacute;o). Để c&oacute;&nbsp;&nbsp;chiến thắng tr&ecirc;n s&ocirc;ng Bạch Đằng năm 1288, d&acirc;n Đại Việt phải &ldquo;Nh&igrave;n thấy sứ giặc đi lại ngh&ecirc;nh ngang ngo&agrave;i đường, mang uốn lưỡi c&uacute; diều m&agrave; sỉ mắng triều đ&igrave;nh, đem th&acirc;n d&ecirc; ch&oacute; m&agrave; bắt nạt tổ phụ - Hịch Tướng sĩ&rdquo;. Đại Việt c&oacute; nhiều v&otilde; tướng t&agrave;i danh, văn quan nức tiếng th&igrave; cũng c&oacute; những Trần &Iacute;ch Tắc &ocirc;m ch&acirc;n ngoại bang.</span></p>\r\n		<p align="justify">\r\n			&nbsp;</p>\r\n		<p align="justify">\r\n			<span id="ctl00_IDContent_BlogDetail1_ltrContent">Thời n&agrave;o cũng thế, ngo&agrave;i chiến thắng, lịch sử ghi lại những sai lầm phải trả gi&aacute; bằng m&aacute;u xương, bằng sự đ&oacute;i ngh&egrave;o, bằng những bước đi l&ugrave;i trong lạc hậu của d&acirc;n tộc. Nếu đừng&nbsp;&nbsp;t&ocirc; hồng m&agrave; dạy lịch sử bằng tất cả sự trung thực th&igrave; học sinh sẽ rơi nước mắt bởi những trang sử huy ho&agrave;ng đồng thời cũng sẽ thấu hiểu những kh&oacute; khăn m&agrave; đất nước đ&atilde; trải qua tại những thời điểm nhất định.</span></p>\r\n		<p align="justify">\r\n			&nbsp;</p>\r\n		<p align="justify">\r\n			<span id="ctl00_IDContent_BlogDetail1_ltrContent">Lịch sử sống động về c&aacute;c trận hải chiến Ho&agrave;ng Sa, Trường Sa, bi&ecirc;n giới ph&iacute;a Bắc, bi&ecirc;n giới T&acirc;y Nam, ai đ&atilde; chiếm biển, chiếm đảo của Việt Nam? V&igrave; sao ch&uacute;ng ta để mất biển, mất đảo? Những trang sử đ&oacute; kh&ocirc;ng thể kh&ocirc;ng n&oacute;ng bỏng tr&ecirc;n bục giảng.</span></p>\r\n		<p align="justify">\r\n			&nbsp;</p>\r\n		<p align="justify">\r\n			<span id="ctl00_IDContent_BlogDetail1_ltrContent">C&aacute;c bạn trẻ đừng coi thường lịch sử bởi nếu được biết một c&aacute;ch ch&acirc;n thực, chắc chắn c&aacute;c bạn sẽ kh&oacute;c v&igrave; niềm tự h&agrave;o cũng như sự cay đắng. C&aacute;c bạn sẽ hiểu được sự thật v&agrave; y&ecirc;u lịch sử đất nước với tất cả cảm x&uacute;c, sẽ &acirc;n hận v&igrave; từng ch&aacute;n gh&eacute;t m&ocirc;n lịch sử.</span></p>\r\n		<p align="justify">\r\n			&nbsp;</p>\r\n		<p align="justify">\r\n			<span id="ctl00_IDContent_BlogDetail1_ltrContent">Đừng x&eacute; s&aacute;ch lịch sử nữa c&aacute;c bạn nh&eacute;.</span></p>\r\n		<p align="justify">\r\n			&nbsp;</p>\r\n		<p align="right">\r\n			<span id="ctl00_IDContent_BlogDetail1_ltrContent"><strong><em>L&ecirc; Ch&acirc;n Nh&acirc;n</em></strong></span></p>\r\n		<p align="right">\r\n			<span id="ctl00_IDContent_BlogDetail1_ltrContent"><strong><em>Nguồn: Dantri.com.vn</em></strong></span></p>\r\n	</div>\r\n</div>\r\n<p>\r\n	&nbsp;</p>\r\n', '2013-11-13', '2013-11-13', 0),
(13, 0, 12, 'Giới thiệu bộ sách Đường thời đại của tác giả Đặng Đình Loan', 'gioi-thieu-bo-sach-duong-thoi-dai-cua-tac-gia-dang-dinh-loan', 1, 0, '/img/images/duongthoidai.jpg', 'Sáng 27/9/2013, Nhà xuất bản Chính trị Quốc gia-Sự thật và Thư viện Quốc gia Việt Nam đã phối hợp tổ chức giới thiệu bộ sách Đường thời đại của tác giả Đặng Đình Loan.', '<div>\r\n	S&aacute;ng 27/9/2013, Nh&agrave; xuất bản Ch&iacute;nh trị Quốc gia-Sự thật v&agrave; Thư viện Quốc gia Việt Nam đ&atilde; phối hợp tổ chức giới thiệu bộ s&aacute;ch Đường thời đại của t&aacute;c giả Đặng Đ&igrave;nh Loan.</div>\r\n<div style="text-align: center;">\r\n	<img alt="" src="/app/webroot/img/images/duongthoidai.jpg" style="width: 500px; height: 452px;" /></div>\r\n<div>\r\n	&nbsp;</div>\r\n<div>\r\n	Tham dự buổi lễ, c&oacute; đồng ch&iacute; Vũ Ngọc Ho&agrave;ng, Ủy vi&ecirc;n Trung ương Đảng, Ph&oacute; Trưởng Ban Thường trực Ban Tuy&ecirc;n gi&aacute;o Trung ương; c&aacute;c đồng ch&iacute; nguy&ecirc;n Ủy vi&ecirc;n Bộ Ch&iacute;nh trị, nguy&ecirc;n Ủy vi&ecirc;n Trung ương Đảng qua c&aacute;c thời kỳ; c&aacute;c b&aacute;c l&atilde;o th&agrave;nh c&aacute;ch mạng; c&aacute;c đồng ch&iacute; l&atilde;nh đạo c&aacute;c Bộ, Ban, ng&agrave;nh Trung ương v&agrave; H&agrave; Nội; c&aacute;c nh&agrave; nghi&ecirc;n cứu, chuy&ecirc;n gia v&agrave; đ&ocirc;ng đảo bạn đọc. Buổi lễ c&ograve;n c&oacute; sự hiện diện của nh&agrave; văn Đặng Đ&igrave;nh Loan &ndash; t&aacute;c giả của bộ tiểu thuyết. &nbsp;</div>\r\n<div>\r\n	&nbsp;</div>\r\n<div>\r\n	Tại buổi lễ, c&aacute;c đại biểu đ&atilde; được cung cấp những th&ocirc;ng tin hữu &iacute;ch li&ecirc;n quan đến qu&aacute; tr&igrave;nh tổ chức bi&ecirc;n soạn, bi&ecirc;n tập, xuất bản bộ s&aacute;ch, cũng như được giới thiệu to&agrave;n diện nội dung v&agrave; gi&aacute; trị của bộ tiểu thuyết lịch sử n&agrave;y. C&aacute;c &yacute; kiến của c&aacute;c đại biểu, c&aacute;c đồng ch&iacute; l&atilde;o th&agrave;nh c&aacute;ch mạng, c&aacute;c chuy&ecirc;n gia, nh&agrave; b&aacute;o ph&aacute;t biểu cảm nhận về bộ tiểu thuyết đều thống nhất cho rằng, bộ tiểu thuyết lịch sử Đường thời đại l&agrave; một bộ s&aacute;ch lớn mang gi&aacute; trị lịch sử v&agrave; c&oacute; t&iacute;nh nh&acirc;n văn s&acirc;u sắc; qua đ&oacute; gửi lời cảm ơn v&agrave; b&agrave;y tỏ sự tr&acirc;n trọng trước t&acirc;m huyết, sự miệt m&agrave;i, ki&ecirc;n tr&igrave; bền bỉ, sự tập trung tr&iacute; lực v&agrave; s&aacute;ng tạo trong suốt 30 năm của nh&agrave; văn Đặng Đ&igrave;nh Loan để viết n&ecirc;n bộ tiểu thuyết c&oacute; gi&aacute; trị n&agrave;y.</div>\r\n<div>\r\n	&nbsp;</div>\r\n<div>\r\n	Đường thời đại l&agrave; bộ tiểu thuyết lịch sử viết về cuộc kh&aacute;ng chiến chống Mỹ cứu nước của nh&acirc;n d&acirc;n Việt Nam. Với gần 9.000 trang s&aacute;ch, 17 tập của bộ Đường thời đại chứa đựng một khối lượng tư liệu đồ sộ về cả 2 ph&iacute;a. Th&ocirc;ng qua c&aacute;c sự kiện, nh&acirc;n vật lịch sử, c&aacute;c cao tr&agrave;o c&aacute;ch mạng, bộ s&aacute;ch từng bước l&agrave;m r&otilde;, t&aacute;i hiện những &acirc;m mưu, thủ đoạn, th&acirc;m độc, hiếu thắng, t&agrave;n bạo của Đế quốc Mỹ v&agrave; tay sai, dẫn dắt người đọc qua những năm th&aacute;ng chiến đấu đầy kh&oacute; khăn, gian khổ nhưng rất đỗi h&agrave;o h&ugrave;ng của d&acirc;n tộc Việt Nam. Bộ s&aacute;ch đ&atilde; dựng lại những trận đ&aacute;nh, những chiến dịch ti&ecirc;u biểu l&agrave;m thay đổi cục diện chiến tranh, m&ocirc; tả một c&aacute;ch sinh động phương ph&aacute;p c&aacute;ch mạng, nghệ thuật qu&acirc;n sự Việt Nam. Xen kẽ giữa c&aacute;c sự kiện lịch sử l&agrave; những c&acirc;u chuyện đầy x&uacute;c động về t&igrave;nh bạn, t&igrave;nh y&ecirc;u đ&ocirc;i lứa, t&igrave;nh đồng ch&iacute;, đồng đội, t&igrave;nh y&ecirc;u thương, sự chia sẻ v&agrave; sự đ&ugrave;m bọc che chở của nh&acirc;n d&acirc;n đối với c&aacute;ch mạng, sự ủng hộ ch&iacute; t&igrave;nh từ khắp năm ch&acirc;u đối với cuộc chiến ch&iacute;nh nghĩa của d&acirc;n tộc ta. Tuy được thể hiện dưới h&igrave;nh thức lịch sử, nhưng c&aacute;c sự kiện, nh&acirc;n vật trong Đường thời đại được khắc hoạ rất thực, rất gần với cuộc chiến tranh, c&oacute; số phận, xuất xứ nguồn gốc gắn liền với c&aacute;c sự kiện, giai đoạn lịch sử cụ thể của đất nước v&agrave; thời đại. Gi&aacute; trị của Đường thời đại c&ograve;n phải chờ thời gian khẳng định, nhưng c&oacute; thể n&oacute;i, đ&acirc;y l&agrave; bộ tiểu thuyết sử thi ho&agrave;nh tr&aacute;ng của văn học Việt Nam hiện đại.</div>\r\n<div>\r\n	&nbsp;</div>\r\n<div>\r\n	Sự ra đời của bộ s&aacute;ch kh&ocirc;ng chỉ g&oacute;p phần cung cấp cho đ&ocirc;ng đảo c&ocirc;ng ch&uacute;ng v&agrave; bạn đọc những tư liệu tham khảo trong việc t&igrave;m hiểu, nghi&ecirc;n cứu về lịch sử đấu tranh c&aacute;ch mạng của qu&acirc;n v&agrave; d&acirc;n Việt Nam, về đường lối ch&iacute;nh trị, qu&acirc;n sự v&agrave; sự l&atilde;nh đạo t&agrave;i t&igrave;nh của Đảng, m&agrave; c&ograve;n c&oacute; &yacute; nghĩa gi&aacute;o dục truyền thống y&ecirc;u nước, chủ nghĩa anh h&ugrave;ng c&aacute;ch mạng của d&acirc;n tộc Việt Nam cho mọi tầng lớp nh&acirc;n d&acirc;n, đặc biệt l&agrave; thế hệ trẻ.</div>\r\n<div>\r\n	<strong>&nbsp;H&igrave;nh ảnh c&ugrave;ng sự kiện:</strong></div>\r\n<div style="text-align: center;">\r\n	<strong><img alt="" src="/app/webroot/img/images/9-27-gts-duong-thoi-dai-10.jpg" style="width: 500px; height: 333px;" /></strong></div>\r\n<div style="text-align: center;">\r\n	<em>Đồng ch&iacute; Ho&agrave;ng Phong H&agrave; - Ph&oacute; Gi&aacute;m đốc thường trực, Ph&oacute; Tổng bi&ecirc;n tập Nh&agrave; xuất bản Ch&iacute;nh trị Quốc gia-Sự thật ph&aacute;t biểu khai mạc</em></div>\r\n<div style="text-align: center;">\r\n	<em><img alt="" src="/app/webroot/img/images/9-27-gts-duong-thoi-dai-07.jpg" style="width: 500px; height: 333px;" /></em></div>\r\n<div style="text-align: center;">\r\n	C&aacute;c đồng ch&iacute; l&atilde;o th&agrave;nh c&aacute;ch mạng, cựu chiến binh ph&aacute;t biểu, trao đổi về nội dung bộ s&aacute;ch</div>\r\n', '2013-11-13', '2013-11-13', 0);

-- --------------------------------------------------------

--
-- Table structure for table `resources`
--

CREATE TABLE IF NOT EXISTS `resources` (
  `id` int(11) NOT NULL AUTO_INCREMENT,
  `title` varchar(200) DEFAULT NULL,
  `alias` varchar(255) DEFAULT NULL,
  `link` varchar(300) DEFAULT NULL,
  `view_link` varchar(300) DEFAULT NULL,
  `created` datetime DEFAULT NULL,
  `modified` datetime DEFAULT NULL,
  `user_create` varchar(100) DEFAULT NULL,
  `resource_type` int(11) DEFAULT NULL,
  `description` tinytext,
  `ext` varchar(10) DEFAULT NULL,
  PRIMARY KEY (`id`)
) ENGINE=InnoDB  DEFAULT CHARSET=utf8 AUTO_INCREMENT=4 ;

--
-- Dumping data for table `resources`
--

INSERT INTO `resources` (`id`, `title`, `alias`, `link`, `view_link`, `created`, `modified`, `user_create`, `resource_type`, `description`, `ext`) VALUES
(1, 'NH Pronunciation Elementary', 'nh-pronunciation-elementary', 'https://www.dropbox.com/s/xd54xuohvf7ow8d/NH%20Pronunciation%20Elementary.pdf', 'https://dl.dropbox.com/s/xd54xuohvf7ow8d/NH%20Pronunciation%20Elementary.pdf', '2013-11-08 10:15:16', '2013-11-08 11:18:22', 'Admin', 3, 'NH Pronunciation Elementary', 'pdf'),
(2, 'Test doc file', 'test-doc-file', 'https://www.dropbox.com/s/f1as6tcvpd1smcn/VIETTELSTUDY.doc', 'https://dl.dropbox.com/s/f1as6tcvpd1smcn/VIETTELSTUDY.doc?convert_doc_to_pdf=1', '2013-11-08 10:18:41', '2013-11-08 11:18:27', 'Admin', 1, 'Test doc file', 'doc'),
(3, 'Test doc file 2', 'test-doc-file-2', 'https://www.dropbox.com/s/f1as6tcvpd1smcn/VIETTELSTUDY.doc', 'https://dl.dropbox.com/s/f1as6tcvpd1smcn/VIETTELSTUDY.doc?convert_doc_to_pdf=1', '2013-11-08 10:19:40', '2013-11-08 11:18:31', 'Admin', 1, 'Test doc file 2', 'doc');

-- --------------------------------------------------------

--
-- Table structure for table `users`
--

CREATE TABLE IF NOT EXISTS `users` (
  `id` int(11) NOT NULL AUTO_INCREMENT,
  `user_group_id` int(11) unsigned DEFAULT NULL,
  `username` varchar(100) CHARACTER SET latin1 DEFAULT NULL,
  `password` varchar(255) CHARACTER SET latin1 DEFAULT NULL,
  `salt` text CHARACTER SET latin1,
  `email` varchar(100) CHARACTER SET latin1 DEFAULT NULL,
  `first_name` varchar(100) DEFAULT NULL,
  `last_name` varchar(100) CHARACTER SET latin1 DEFAULT NULL,
  `email_verified` int(1) DEFAULT '0',
  `active` int(1) NOT NULL DEFAULT '0',
  `ip_address` varchar(50) CHARACTER SET latin1 DEFAULT NULL,
  `created` datetime DEFAULT NULL,
  `modified` datetime DEFAULT NULL,
  PRIMARY KEY (`id`),
  KEY `user` (`username`),
  KEY `mail` (`email`),
  KEY `users_FKIndex1` (`user_group_id`)
) ENGINE=InnoDB  DEFAULT CHARSET=utf8 AUTO_INCREMENT=8 ;

--
-- Dumping data for table `users`
--

INSERT INTO `users` (`id`, `user_group_id`, `username`, `password`, `salt`, `email`, `first_name`, `last_name`, `email_verified`, `active`, `ip_address`, `created`, `modified`) VALUES
(1, 1, 'admin', '73dd22a5352d9b6a6588fab0ab62b0cc', '0a05df7556534f914c51e5510177fa21', 'admin@admin.com', 'Admin', '', 1, 1, '', '2013-11-03 15:00:36', '2013-11-06 18:15:17'),
(6, 3, 'lemaibk08', 'cd2a8881d4f310b0f03646396d56038e', '3466cab0e12097e4be82529e18aee72d', 'vienlm@ilucians.com', 'Lê Mai Viện', NULL, 1, 1, NULL, '2013-11-07 14:48:57', '2013-11-07 15:07:58'),
(7, 2, 'Thành Luân', '93ac8b7f5b2ac8aa13e573939cbbbf4c', '7def0d0fdbe03504df22e70d12d0ea9c', 'htluan2605@gmail.com', 'Thành', 'Luân', 1, 1, '127.12.7.129', '2013-11-08 01:17:19', '2013-11-09 03:39:48');

-- --------------------------------------------------------

--
-- Table structure for table `user_groups`
--

CREATE TABLE IF NOT EXISTS `user_groups` (
  `id` int(11) NOT NULL AUTO_INCREMENT,
  `name` varchar(100) DEFAULT NULL,
  `alias_name` varchar(100) DEFAULT NULL,
  `allowRegistration` int(1) NOT NULL DEFAULT '1',
  `created` datetime DEFAULT NULL,
  `modified` datetime DEFAULT NULL,
  PRIMARY KEY (`id`)
) ENGINE=InnoDB  DEFAULT CHARSET=latin1 AUTO_INCREMENT=4 ;

--
-- Dumping data for table `user_groups`
--

INSERT INTO `user_groups` (`id`, `name`, `alias_name`, `allowRegistration`, `created`, `modified`) VALUES
(1, 'Admin', 'Admin', 0, '2013-11-03 15:00:36', '2013-11-03 15:00:36'),
(2, 'User', 'User', 1, '2013-11-03 15:00:36', '2013-11-03 15:00:36'),
(3, 'Guest', 'Guest', 0, '2013-11-03 15:00:36', '2013-11-03 15:00:36');

-- --------------------------------------------------------

--
-- Table structure for table `user_group_permissions`
--

CREATE TABLE IF NOT EXISTS `user_group_permissions` (
  `id` int(10) unsigned NOT NULL AUTO_INCREMENT,
  `user_group_id` int(10) unsigned NOT NULL,
  `controller` varchar(50) CHARACTER SET latin1 COLLATE latin1_general_ci NOT NULL,
  `action` varchar(100) CHARACTER SET latin1 COLLATE latin1_general_ci NOT NULL,
  `allowed` tinyint(1) unsigned NOT NULL DEFAULT '1',
  PRIMARY KEY (`id`)
) ENGINE=InnoDB  DEFAULT CHARSET=latin1 AUTO_INCREMENT=232 ;

--
-- Dumping data for table `user_group_permissions`
--

INSERT INTO `user_group_permissions` (`id`, `user_group_id`, `controller`, `action`, `allowed`) VALUES
(1, 1, 'Pages', 'display', 1),
(2, 2, 'Pages', 'display', 1),
(3, 3, 'Pages', 'display', 1),
(4, 1, 'UserGroupPermissions', 'index', 1),
(5, 2, 'UserGroupPermissions', 'index', 0),
(6, 3, 'UserGroupPermissions', 'index', 0),
(7, 1, 'UserGroupPermissions', 'update', 1),
(8, 2, 'UserGroupPermissions', 'update', 0),
(9, 3, 'UserGroupPermissions', 'update', 0),
(10, 1, 'UserGroups', 'index', 1),
(11, 2, 'UserGroups', 'index', 0),
(12, 3, 'UserGroups', 'index', 0),
(13, 1, 'UserGroups', 'addGroup', 1),
(14, 2, 'UserGroups', 'addGroup', 0),
(15, 3, 'UserGroups', 'addGroup', 0),
(16, 1, 'UserGroups', 'editGroup', 1),
(17, 2, 'UserGroups', 'editGroup', 0),
(18, 3, 'UserGroups', 'editGroup', 0),
(19, 1, 'UserGroups', 'deleteGroup', 1),
(20, 2, 'UserGroups', 'deleteGroup', 0),
(21, 3, 'UserGroups', 'deleteGroup', 0),
(22, 1, 'Users', 'index', 1),
(23, 2, 'Users', 'index', 0),
(24, 3, 'Users', 'index', 0),
(25, 1, 'Users', 'viewUser', 1),
(26, 2, 'Users', 'viewUser', 0),
(27, 3, 'Users', 'viewUser', 0),
(28, 1, 'Users', 'myprofile', 1),
(29, 2, 'Users', 'myprofile', 1),
(30, 3, 'Users', 'myprofile', 0),
(31, 1, 'Users', 'login', 1),
(32, 2, 'Users', 'login', 1),
(33, 3, 'Users', 'login', 1),
(34, 1, 'Users', 'logout', 1),
(35, 2, 'Users', 'logout', 1),
(36, 3, 'Users', 'logout', 1),
(37, 1, 'Users', 'register', 1),
(38, 2, 'Users', 'register', 1),
(39, 3, 'Users', 'register', 1),
(40, 1, 'Users', 'changePassword', 1),
(41, 2, 'Users', 'changePassword', 1),
(42, 3, 'Users', 'changePassword', 0),
(43, 1, 'Users', 'changeUserPassword', 1),
(44, 2, 'Users', 'changeUserPassword', 0),
(45, 3, 'Users', 'changeUserPassword', 0),
(46, 1, 'Users', 'addUser', 1),
(47, 2, 'Users', 'addUser', 0),
(48, 3, 'Users', 'addUser', 0),
(49, 1, 'Users', 'editUser', 1),
(50, 2, 'Users', 'editUser', 0),
(51, 3, 'Users', 'editUser', 0),
(52, 1, 'Users', 'dashboard', 1),
(53, 2, 'Users', 'dashboard', 1),
(54, 3, 'Users', 'dashboard', 0),
(55, 1, 'Users', 'deleteUser', 1),
(56, 2, 'Users', 'deleteUser', 0),
(57, 3, 'Users', 'deleteUser', 0),
(58, 1, 'Users', 'makeActive', 1),
(59, 2, 'Users', 'makeActive', 0),
(60, 3, 'Users', 'makeActive', 0),
(61, 1, 'Users', 'accessDenied', 1),
(62, 2, 'Users', 'accessDenied', 1),
(63, 3, 'Users', 'accessDenied', 1),
(64, 1, 'Users', 'userVerification', 1),
(65, 2, 'Users', 'userVerification', 1),
(66, 3, 'Users', 'userVerification', 1),
(67, 1, 'Users', 'forgotPassword', 1),
(68, 2, 'Users', 'forgotPassword', 1),
(69, 3, 'Users', 'forgotPassword', 1),
(70, 1, 'Users', 'makeActiveInactive', 1),
(71, 2, 'Users', 'makeActiveInactive', 0),
(72, 3, 'Users', 'makeActiveInactive', 0),
(73, 1, 'Users', 'verifyEmail', 1),
(74, 2, 'Users', 'verifyEmail', 0),
(75, 3, 'Users', 'verifyEmail', 0),
(76, 1, 'Users', 'activatePassword', 1),
(77, 2, 'Users', 'activatePassword', 1),
(78, 3, 'Users', 'activatePassword', 1),
(79, 1, 'Admin', 'admin_index', 1),
(80, 2, 'Admin', 'admin_index', 1),
(81, 3, 'Admin', 'admin_index', 0),
(82, 1, 'Albums', 'index', 1),
(83, 2, 'Albums', 'index', 1),
(84, 3, 'Albums', 'index', 1),
(85, 1, 'Albums', 'view', 1),
(86, 2, 'Albums', 'view', 1),
(87, 3, 'Albums', 'view', 1),
(88, 1, 'Albums', 'admin_index', 1),
(89, 2, 'Albums', 'admin_index', 1),
(90, 3, 'Albums', 'admin_index', 0),
(91, 1, 'Albums', 'admin_view', 1),
(92, 2, 'Albums', 'admin_view', 1),
(93, 3, 'Albums', 'admin_view', 0),
(94, 1, 'Albums', 'admin_add', 1),
(95, 2, 'Albums', 'admin_add', 1),
(96, 3, 'Albums', 'admin_add', 0),
(97, 1, 'Albums', 'admin_edit', 1),
(98, 2, 'Albums', 'admin_edit', 1),
(99, 3, 'Albums', 'admin_edit', 0),
(100, 1, 'Albums', 'admin_upload', 1),
(101, 2, 'Albums', 'admin_upload', 1),
(102, 3, 'Albums', 'admin_upload', 0),
(103, 1, 'Albums', 'admin_delete', 1),
(104, 2, 'Albums', 'admin_delete', 1),
(105, 3, 'Albums', 'admin_delete', 0),
(106, 1, 'Albums', 'admin_deletePhoto', 1),
(107, 2, 'Albums', 'admin_deletePhoto', 1),
(108, 3, 'Albums', 'admin_deletePhoto', 0),
(109, 1, 'App', 'admin_active', 1),
(110, 2, 'App', 'admin_active', 1),
(111, 3, 'App', 'admin_active', 0),
(112, 1, 'Articles', 'index', 1),
(113, 2, 'Articles', 'index', 1),
(114, 3, 'Articles', 'index', 1),
(115, 1, 'Articles', 'view', 1),
(116, 2, 'Articles', 'view', 1),
(117, 3, 'Articles', 'view', 1),
(118, 1, 'Articles', 'add', 1),
(119, 2, 'Articles', 'add', 1),
(120, 3, 'Articles', 'add', 0),
(121, 1, 'Articles', 'edit', 1),
(122, 2, 'Articles', 'edit', 1),
(123, 3, 'Articles', 'edit', 0),
(124, 1, 'Articles', 'delete', 1),
(125, 2, 'Articles', 'delete', 1),
(126, 3, 'Articles', 'delete', 0),
(127, 1, 'Blogs', 'index', 1),
(128, 2, 'Blogs', 'index', 1),
(129, 3, 'Blogs', 'index', 1),
(130, 1, 'Blogs', 'viewArticle', 0),
(131, 2, 'Blogs', 'viewArticle', 1),
(132, 3, 'Blogs', 'viewArticle', 1),
(133, 1, 'Blogs', 'add', 1),
(134, 2, 'Blogs', 'add', 1),
(135, 3, 'Blogs', 'add', 0),
(136, 1, 'Blogs', 'view', 1),
(137, 2, 'Blogs', 'view', 1),
(138, 3, 'Blogs', 'view', 0),
(139, 1, 'Categories', 'admin_index', 1),
(140, 2, 'Categories', 'admin_index', 1),
(141, 3, 'Categories', 'admin_index', 0),
(142, 1, 'Categories', 'admin_view', 1),
(143, 2, 'Categories', 'admin_view', 1),
(144, 3, 'Categories', 'admin_view', 0),
(145, 1, 'Categories', 'admin_add', 1),
(146, 2, 'Categories', 'admin_add', 1),
(147, 3, 'Categories', 'admin_add', 0),
(148, 1, 'Categories', 'admin_edit', 1),
(149, 2, 'Categories', 'admin_edit', 1),
(150, 3, 'Categories', 'admin_edit', 0),
(151, 1, 'Categories', 'admin_delete', 1),
(152, 2, 'Categories', 'admin_delete', 1),
(153, 3, 'Categories', 'admin_delete', 0),
(154, 1, 'Categories', 'makeActive', 1),
(155, 2, 'Categories', 'makeActive', 1),
(156, 3, 'Categories', 'makeActive', 0),
(157, 1, 'Categories', 'getMainMenu', 1),
(158, 2, 'Categories', 'getMainMenu', 1),
(159, 3, 'Categories', 'getMainMenu', 1),
(160, 1, 'Categories', 'firstMenuItem', 1),
(161, 2, 'Categories', 'firstMenuItem', 1),
(162, 3, 'Categories', 'firstMenuItem', 1),
(163, 1, 'Posts', 'admin_index', 1),
(164, 2, 'Posts', 'admin_index', 1),
(165, 3, 'Posts', 'admin_index', 0),
(166, 1, 'Posts', 'admin_view', 1),
(167, 2, 'Posts', 'admin_view', 1),
(168, 3, 'Posts', 'admin_view', 0),
(169, 1, 'Posts', 'admin_add', 1),
(170, 2, 'Posts', 'admin_add', 1),
(171, 3, 'Posts', 'admin_add', 0),
(172, 1, 'Posts', 'admin_edit', 1),
(173, 2, 'Posts', 'admin_edit', 1),
(174, 3, 'Posts', 'admin_edit', 0),
(175, 1, 'Posts', 'admin_delete', 1),
(176, 2, 'Posts', 'admin_delete', 1),
(177, 3, 'Posts', 'admin_delete', 0),
(178, 1, 'Posts', 'posts', 1),
(179, 2, 'Posts', 'posts', 1),
(180, 3, 'Posts', 'posts', 1),
(181, 1, 'Posts', 'recent', 1),
(182, 2, 'Posts', 'recent', 1),
(183, 3, 'Posts', 'recent', 1),
(184, 1, 'Resources', 'admin_index', 1),
(185, 2, 'Resources', 'admin_index', 1),
(186, 3, 'Resources', 'admin_index', 0),
(187, 1, 'Resources', 'admin_view', 1),
(188, 2, 'Resources', 'admin_view', 1),
(189, 3, 'Resources', 'admin_view', 0),
(190, 1, 'Resources', 'admin_add', 1),
(191, 2, 'Resources', 'admin_add', 1),
(192, 3, 'Resources', 'admin_add', 0),
(193, 1, 'Resources', 'admin_edit', 1),
(194, 2, 'Resources', 'admin_edit', 1),
(195, 3, 'Resources', 'admin_edit', 0),
(196, 1, 'Resources', 'admin_delete', 1),
(197, 2, 'Resources', 'admin_delete', 1),
(198, 3, 'Resources', 'admin_delete', 0),
(199, 1, 'Resources', 'getResourceType', 1),
(200, 2, 'Resources', 'getResourceType', 1),
(201, 3, 'Resources', 'getResourceType', 1),
(202, 1, 'Resources', 'listResources', 0),
(203, 2, 'Resources', 'listResources', 1),
(204, 3, 'Resources', 'listResources', 1),
(205, 1, 'Resources', 'view', 1),
(206, 2, 'Resources', 'view', 1),
(207, 3, 'Resources', 'view', 1),
(208, 1, 'Videos', 'index', 1),
(209, 2, 'Videos', 'index', 1),
(210, 3, 'Videos', 'index', 1),
(211, 1, 'Videos', 'view', 1),
(212, 2, 'Videos', 'view', 1),
(213, 3, 'Videos', 'view', 1),
(214, 1, 'Videos', 'admin_index', 1),
(215, 2, 'Videos', 'admin_index', 1),
(216, 3, 'Videos', 'admin_index', 0),
(217, 1, 'Videos', 'admin_view', 1),
(218, 2, 'Videos', 'admin_view', 1),
(219, 3, 'Videos', 'admin_view', 1),
(220, 1, 'Videos', 'admin_add', 1),
(221, 2, 'Videos', 'admin_add', 1),
(222, 3, 'Videos', 'admin_add', 0),
(223, 1, 'Videos', 'admin_edit', 1),
(224, 2, 'Videos', 'admin_edit', 1),
(225, 3, 'Videos', 'admin_edit', 0),
(226, 1, 'Videos', 'admin_delete', 1),
(227, 2, 'Videos', 'admin_delete', 1),
(228, 3, 'Videos', 'admin_delete', 0),
(229, 1, 'Videos', 'admin_videoActive', 1),
(230, 2, 'Videos', 'admin_videoActive', 1),
(231, 3, 'Videos', 'admin_videoActive', 0);

-- --------------------------------------------------------

--
-- Table structure for table `videos`
--

CREATE TABLE IF NOT EXISTS `videos` (
  `id` int(11) NOT NULL AUTO_INCREMENT,
  `title` varchar(255) DEFAULT NULL,
  `alias` varchar(255) DEFAULT NULL,
  `link` varchar(255) DEFAULT NULL,
  `youtube_id` varchar(50) DEFAULT NULL,
  `is_active` tinyint(4) DEFAULT NULL,
  `description` text,
  `created` datetime DEFAULT NULL,
  `modified` datetime DEFAULT NULL,
  `is_default` tinyint(4) DEFAULT NULL,
  PRIMARY KEY (`id`)
) ENGINE=InnoDB  DEFAULT CHARSET=utf8 AUTO_INCREMENT=5 ;

--
-- Dumping data for table `videos`
--

INSERT INTO `videos` (`id`, `title`, `alias`, `link`, `youtube_id`, `is_active`, `description`, `created`, `modified`, `is_default`) VALUES
(1, 'somebody that i used to know', 'somebody-that-i-used-to-know', 'http://www.youtube.com/watch?v=8UVNT4wvIGY', '8UVNT4wvIGY', 0, 'somebody that i used to know', '2013-11-06 01:01:48', '2013-11-12 10:46:26', 0),
(2, 'canon in d', 'canon-in-d', 'http://www.youtube.com/watch?v=jXC9tuumjiA', 'jXC9tuumjiA', 0, 'canon in d', '2013-11-06 01:06:37', '2013-11-12 11:07:18', 1),
(3, 'what makes you beautiful', 'what-makes-you-beautiful', 'http://www.youtube.com/watch?v=QJO3ROT-A4E', 'QJO3ROT-A4E', 0, 'what makes you beautiful', '2013-11-06 12:20:01', '2013-11-12 11:07:18', 0),
(4, 'canon in d', 'canon-in-d', 'http://www.youtube.com/watch?v=jXC9tuumjiA', 'jXC9tuumjiA', NULL, 'canon in d', '2013-11-12 10:32:26', '2013-11-12 10:44:21', 0);

/*!40101 SET CHARACTER_SET_CLIENT=@OLD_CHARACTER_SET_CLIENT */;
/*!40101 SET CHARACTER_SET_RESULTS=@OLD_CHARACTER_SET_RESULTS */;
/*!40101 SET COLLATION_CONNECTION=@OLD_COLLATION_CONNECTION */;
